first,last,id.bioguide,current_type,current_party,current_state,term_start,term_end,social.youtube,social.youtube_id,social.twitter,social.twitter_id,social.instagram,social.instagram_id,social.facebook
Aumua Amata,Radewagen,R000600,rep,Republican,AS,2025-01-03,2027-01-03,,UCGdrLQbt1PYDTPsampx4t1A,RepAmata,3026622545.0,,,aumuaamata
Todd,Young,Y000064,sen,Republican,IN,2023-01-03,2029-01-03,RepToddYoung,UCuknj4PGn91gHDNAfboZEgQ,SenToddYoung,234128524.0,sentoddyoung,,SenatorToddYoung
Joni,Ernst,E000295,sen,Republican,IA,2021-01-03,2027-01-03,,UCLwrmtF_84FIcK3TyMs4MIw,SenJoniErnst,2856787757.0,senjoniernst,1582702853.0,senjoniernst
Thom,Tillis,T000476,sen,Republican,NC,2021-01-03,2027-01-03,,UCUD9VGV4SSGWjGdbn37Ea2w,SenThomTillis,2964174789.0,senthomtillis,,SenatorThomTillis
Steve,Womack,W000809,rep,Republican,AR,2025-01-03,2027-01-03,CongressmanWomack,UCXJbUDLYX-wGIhRuN66hqZw,Rep_SteveWomack,234469322.0,rep_stevewomack,,RepSteveWomack
Frederica,Wilson,W000808,rep,Democrat,FL,2025-01-03,2027-01-03,repfredericawilson,UCP5QBhng_lHv-vJgE_h7lpA,RepWilson,234014087.0,repwilson,,RepWilson
Daniel,Webster,W000806,rep,Republican,FL,2025-01-03,2027-01-03,repdanwebster,UCCoX4VdU7U11eGEA0lbRtLw,RepWebster,281540744.0,,,RepWebster
Mark,Warner,W000805,sen,Democrat,VA,2021-01-03,2027-01-03,SenatorMarkWarner,UCwyivNlEGf4sGd1oDLfY5jw,MarkWarner,7429102.0,senatorwarner,515327940.0,MarkRWarner
Robert,Wittman,W000804,rep,Republican,VA,2025-01-03,2027-01-03,RobWittman,UCIqIb-OaTbkIdU426eYIdPg,RobWittman,15356407.0,reprobwittman,,RepRobWittman
Sheldon,Whitehouse,W000802,sen,Democrat,RI,2025-01-03,2031-01-03,SenatorWhitehouse,UCnG0N70SNBkNqvIMLodPTIA,SenWhitehouse,242555999.0,SenWhitehouse,,SenatorWhitehouse
Peter,Welch,W000800,sen,Democrat,VT,2023-01-03,2029-01-03,reppeterwelch,UC0YfApJx6qNaAQ-ir93U8xA,PeterWelch,1410590874.0,reppeterwelch,1559860900.0,PeterWelch
Tim,Walberg,W000798,rep,Republican,MI,2025-01-03,2027-01-03,RepWalberg,UChpf3_3Wn8f3qSJbsYXrhvg,RepWalberg,237862972.0,repwalberg,,RepWalberg
Debbie,Wasserman Schultz,W000797,rep,Democrat,FL,2025-01-03,2027-01-03,RepWassermanSchultz,UCfHQiJVvMlYbVAxrMSLdO4w,RepDWStweets,1140648348.0,RepDWSTweets,,RepDWS
Joe,Wilson,W000795,rep,Republican,SC,2025-01-03,2027-01-03,RepJoeWilson,UC3aR1B8m7Z1uycO65yDnpCg,RepJoeWilson,254082173.0,repjoewilson,519685522.0,JoeWilson
Ron,Wyden,W000779,sen,Democrat,OR,2023-01-03,2029-01-03,senronwyden,UCsd3UEaoLoqX60P88BdpGGw,RonWyden,250188760.0,ronwyden,9443881.0,senatorronwyden
Roger,Wicker,W000437,sen,Republican,MS,2025-01-03,2031-01-03,SenatorWicker,UCIlKHiTjSkcQP_knBcXHWSg,SenatorWicker,264219447.0,senatorwicker,367948073.0,SenatorWicker
Maxine,Waters,W000187,rep,Democrat,CA,2025-01-03,2027-01-03,MaxineWaters,UCOQ2js1VYFlo74n7Ns8WsLQ,RepMaxineWaters,36686040.0,repmaxinewaters,,MaxineWaters
Chris,Van Hollen,V000128,sen,Democrat,MD,2023-01-03,2029-01-03,RepChrisVanHollen,UCkpfJWu1N9Okd6PE_NidtBQ,ChrisVanHollen,18137749.0,chrisvanhollen,268595235.0,chrisvanhollen
Nydia,Velázquez,V000081,rep,Democrat,NY,2025-01-03,2027-01-03,nydiavelazquez,UCqMKPkKeeHFOOiZ9vxhXGVg,NydiaVelazquez,164369297.0,,,8037068318
Paul,Tonko,T000469,rep,Democrat,NY,2025-01-03,2027-01-03,reppaultonko,UC3P2SGFmmuCYRsjeso0hOQQ,RepPaulTonko,84119348.0,reppaultonko,,reppaultonko
Dina,Titus,T000468,rep,Democrat,NV,2025-01-03,2027-01-03,CongresswomanTitus,UC_US4jNqECuMSNrB7yVCbbw,RepDinaTitus,122174004.0,dinatitusnv,1110185253.0,CongresswomanTitus
Glenn,Thompson,T000467,rep,Republican,PA,2025-01-03,2027-01-03,CongressmanGT,UCNWX7lbWWvnNdzVMFI9DRiQ,CongressmanGT,18967498.0,congressman_gt,,CongressmanGT
Michael,Turner,T000463,rep,Republican,OH,2025-01-03,2027-01-03,CongressmanTurner,UC-6Ss-aZ3OPisf9GdVGtN8g,RepMikeTurner,51228911.0,repmiketurner,,RepMikeTurner
Mike,Thompson,T000460,rep,Democrat,CA,2025-01-03,2027-01-03,CongressmanMThompson,UC6pGbtqHZYZmScFGSz5bbdg,RepThompson,303861808.0,,,RepMikeThompson
John,Thune,T000250,sen,Republican,SD,2023-01-03,2029-01-03,johnthune,UCRu6lpRfxhkDGUrKDgQNZYQ,SenJohnThune,296361085.0,senjohnthune,,LeaderJohnThune
Bennie,Thompson,T000193,rep,Democrat,MS,2025-01-03,2027-01-03,RepBennieThompson,UCzt2pBxh0dI24kYrWretXRw,BennieGThompson,82453460.0,benniegthompson,347410575.0,CongressmanBennieGThompson
Austin,Scott,S001189,rep,Republican,GA,2025-01-03,2027-01-03,RepAustinScott,UC5M7eKHKQStktMyjieiHYZQ,AustinScottGA08,234797704.0,,,RepAustinScott
Terri,Sewell,S001185,rep,Democrat,AL,2025-01-03,2027-01-03,RepSewell,UCHkEHtfrfUWOFtbUFQTQH7Q,RepTerriSewell,381152398.0,repterriasewell,,RepSewell
Tim,Scott,S001184,sen,Republican,SC,2023-01-03,2029-01-03,SenatorTimScott,UCSfAsbG80CNInSKrtpKoL-w,SenatorTimScott,217543151.0,SenatorTimScott,,SenatorTimScott
David,Schweikert,S001183,rep,Republican,AZ,2025-01-03,2027-01-03,RepDavidSchweikert,UCVvuNVzkOUp7p_Pzkc6Zuvw,RepDavid,229197216.0,repdavid,181147397.0,repdavidschweikert
Jeanne,Shaheen,S001181,sen,Democrat,NH,2021-01-03,2027-01-03,senatorshaheen,UCjLZAZMbDrybHyttdEC9LFA,SenatorShaheen,109287731.0,senatorshaheen,,SenatorShaheen
Steve,Scalise,S001176,rep,Republican,LA,2025-01-03,2027-01-03,RepSteveScalise,UCmYveHBVXVBRxl7GiCL-gjw,SteveScalise,1209417007.0,stevescalise,1210937919.0,RepSteveScalise
Adrian,Smith,S001172,rep,Republican,NE,2025-01-03,2027-01-03,RepAdrianSmith,UCIgn2z-hwxx_aeggnyhv54Q,RepAdrianSmith,296245061.0,RepAdrianSmith,,repadriansmith
David,Scott,S001157,rep,Democrat,GA,2025-01-03,2027-01-03,RepDavidScott,UCgf28zRkLSqAUiPuJhGdF0w,RepDavidScott,168673083.0,RepDavidScott,,113303673339
Linda,Sánchez,S001156,rep,Democrat,CA,2025-01-03,2027-01-03,LindaTSanchez,UCu1K6uHxjMgj2mvzM7O9-ow,RepLindaSanchez,312134473.0,replindasanchez,,CongresswomanLindaSanchez
Michael,Simpson,S001148,rep,Republican,ID,2025-01-03,2027-01-03,CongMikeSimpson,UCNXe0rJJeULTAP_7oyQNw8g,CongMikeSimpson,76132891.0,congressmanmikesimpson,,96007744606
Janice,Schakowsky,S001145,rep,Democrat,IL,2025-01-03,2027-01-03,repschakowsky,UCuCHHPSENUEaaeH8n_CYDXQ,JanSchakowsky,24195214.0,JanSchakowsky,,janschakowsky
Rick,Scott,S001217,sen,Republican,FL,2025-01-03,2031-01-03,,UC-Y9pFmW4PYGZHkC8lcqSkQ,SenRickScott,131546062.0,flsenrickscott,,RickScottSenOffice
Adam,Smith,S000510,rep,Democrat,WA,2025-01-03,2027-01-03,CongressmanAdamSmith,UCcrHso483LOfC6WwDnzAh-g,RepAdamSmith,58928690.0,repadamsmith,,RepAdamSmith
Brad,Sherman,S000344,rep,Democrat,CA,2025-01-03,2027-01-03,shermanca27,UCPisrz6-SLwVy2l9Mcy8kug,BradSherman,30216513.0,congressmansherman,,63158229861
Robert,Scott,S000185,rep,Democrat,VA,2025-01-03,2027-01-03,repbobbyscott,UCdNNcpw8arCsUp55JwK_QAA,BobbyScott,161791703.0,repbobbyscott,1173348983.0,RepBobbyScott
Charles,Schumer,S000148,sen,Democrat,NY,2023-01-03,2029-01-03,SenatorSchumer,UC-ABttxh8uQv_10qmwGaidw,SenSchumer,17494010.0,senschumer,,senschumer
Bernard,Sanders,S000033,sen,Independent,VT,2025-01-03,2031-01-03,senatorsanders,UCD_DaKNac0Ta-2PeHuoQ1uA,SenSanders,29442313.0,,,senatorsanders
Mike,Rogers,R000575,rep,Republican,AL,2025-01-03,2027-01-03,MikeRogersAL03,UCH-WUWuY0_dlKwJDSqKTJsg,RepMikeRogersAL,33977070.0,repmikerogersal,259435765.0,CongressmanMikeDRogers
Harold,Rogers,R000395,rep,Republican,KY,2025-01-03,2027-01-03,RepHalRogers,UChVFKLZkRoHQDhp4zNvEezQ,RepHalRogers,550401754.0,rephalrogers,,CongressmanHalRogers
John,Reed,R000122,sen,Democrat,RI,2021-01-03,2027-01-03,SenatorReed,UCT_aFVtsjxPwWKfO-PW_hPw,SenJackReed,486694111.0,,,SenJackReed
Mike,Quigley,Q000023,rep,Democrat,IL,2025-01-03,2027-01-03,RepMikeQuigley,UCDP13XegdoZ4bxYHxM34yAA,RepMikeQuigley,56864092.0,repmikequigley,1403659583.0,repmikequigley
Rand,Paul,P000603,sen,Republican,KY,2023-01-03,2029-01-03,SenatorRandPaul,UCeM9I-20oWUs8daIIpsNHoQ,SenRandPaul,1.2986243756928942e+18,senatorrandpaul,541357095.0,SenatorRandPaul
Chellie,Pingree,P000597,rep,Democrat,ME,2025-01-03,2027-01-03,congresswomanpingree,UCLKaWFM7I84WcreDRhhhkVg,ChelliePingree,14984637.0,chelliepingree,,ChelliePingree
Gary,Peters,P000595,sen,Democrat,MI,2021-01-03,2027-01-03,RepGaryPeters,UC7LYNbnKSK2VZqQ98YROWHQ,SenGaryPeters,236511574.0,sengarypeters,1640246681.0,SenGaryPeters
Nancy,Pelosi,P000197,rep,Democrat,CA,2025-01-03,2027-01-03,nancypelosi,UCxPeEcH0xaCK9nBK98EFhDg,SpeakerPelosi,15764644.0,,,NancyPelosi
Frank,Pallone,P000034,rep,Democrat,NJ,2025-01-03,2027-01-03,repfrankpallone,UCN0_wn9hs1LI3UKkji2PP2A,FrankPallone,31801993.0,repfrankpallone,,repfrankpallone
Eleanor,Norton,N000147,rep,Democrat,DC,2025-01-03,2027-01-03,EleanorHNorton,UChRrAXUGylfxJjbquC6aUjQ,EleanorNorton,23600262.0,congresswomannorton,,CongresswomanNorton
Richard,Neal,N000015,rep,Democrat,MA,2025-01-03,2027-01-03,RepRichardENeal,UCZVtTydu0-MSK6G12GaKA4g,RepRichardNeal,442824717.0,,,reprichardneal
Jerrold,Nadler,N000002,rep,Democrat,NY,2025-01-03,2027-01-03,congressmannadler,UCQKj0qU1e7o2f5ftSh-c9aQ,RepJerryNadler,40302336.0,,,CongressmanNadler
Tom,McClintock,M001177,rep,Republican,CA,2025-01-03,2027-01-03,McClintockCA04,UCMh04KC4LfIzKoXh2Xws_pw,RepMcClintock,50152441.0,repmcclintock,,81125319109
Jeff,Merkley,M001176,sen,Democrat,OR,2021-01-03,2027-01-03,SenatorJeffMerkley,UCRoXttCJhMnLVCxCaa6VnNQ,SenJeffMerkley,29201047.0,senjeffmerkley,501463589.0,jeffmerkley
Doris,Matsui,M001163,rep,Democrat,CA,2025-01-03,2027-01-03,RepDorisMatsui,UCSqqxVkvskHq3cY2MCbTZsw,DorisMatsui,38254095.0,repdorismatsui,,doris.matsui
Gwen,Moore,M001160,rep,Democrat,WI,2025-01-03,2027-01-03,RepGwenMoore,UCCs9o1XaSsCsqNpO0iO0_Ew,RepGwenMoore,22669526.0,RepGwenMoore,,GwenSMoore
Michael,McCaul,M001157,rep,Republican,TX,2025-01-03,2027-01-03,MichaelTMcCaul,UCRw6sGE0PH7_FCeTT3PQRaA,RepMcCaul,26424123.0,congressman_mccaul,,michaeltmccaul
Lisa,Murkowski,M001153,sen,Republican,AK,2023-01-03,2029-01-03,senatormurkowski,UCaigku16AErqvD0wRuwGb9A,LisaMurkowski,18061669.0,senlisamurkowski,,SenLisaMurkowski
Betty,McCollum,M001143,rep,Democrat,MN,2025-01-03,2027-01-03,BMcCollum04,UC3sZJSdiZo2EBHbsOlsnI7A,BettyMcCollum04,516880804.0,repbettymccollum,,repbettymccollum
Gregory,Meeks,M001137,rep,Democrat,NY,2025-01-03,2027-01-03,gwmeeks,UCljJnwgQS6Z6-NypDyqKJZQ,RepGregoryMeeks,22812754.0,repgregorymeeks,,gregorymeeksny05
Patty,Murray,M001111,sen,Democrat,WA,2023-01-03,2029-01-03,SenatorPattyMurray,UCb8jq3TvQ3AzKsexhWfFLoA,PattyMurray,293131808.0,senpattymurray,426137845.0,
Jerry,Moran,M000934,sen,Republican,KS,2023-01-03,2029-01-03,senatorjerrymoran,UC1oRxeUPam6-53wPBZ3N02A,JerryMoran,18632666.0,senjerrymoran,298271065.0,jerrymoran
Mitch,McConnell,M000355,sen,Republican,KY,2021-01-03,2027-01-03,,,McConnellPress,339822881.0,mcconnellpress,,mitchmcconnell
James,McGovern,M000312,rep,Democrat,MA,2025-01-03,2027-01-03,repjimmcgovern,UCpiUqp2ZF64tXqgR_EQo27g,RepMcGovern,242426145.0,repmcgovern,,RepJimMcGovern
Edward,Markey,M000133,sen,Democrat,MA,2021-01-03,2027-01-03,RepMarkey,UCT1ujew5yQy2uMhGrjiKHoA,SenMarkey,21406834.0,senmarkeymemes,,EdJMarkey
Mike,Lee,L000577,sen,Republican,UT,2023-01-03,2029-01-03,senatormikelee,UCplVxs_j_sLAt0fkplXcl4A,SenMikeLee,88784440.0,senmikelee,391361701.0,senatormikelee
James,Lankford,L000575,sen,Republican,OK,2023-01-03,2029-01-03,SenatorLankford,UCz8T6sK5fEycyWmVz6Vpe5Q,SenatorLankford,225921757.0,senatorlankford,1552251018.0,SenatorLankford
Ben,Luján,L000570,sen,Democrat,NM,2021-01-03,2027-01-03,,,SenatorLujan,19318314.0,senatorlujan,,SenatorLujan
Robert,Latta,L000566,rep,Republican,OH,2025-01-03,2027-01-03,CongressmanBobLatta,UCVSBVHoWu-eWnBBQaMKZ_sQ,BobLatta,15394954.0,boblatta,26367713.0,boblatta
Stephen,Lynch,L000562,rep,Democrat,MA,2025-01-03,2027-01-03,RepLynch,UCxL4zG0YWqC5XTO4af_FOgw,RepStephenLynch,310310133.0,repstephenlynch,,repstephenlynch
Rick,Larsen,L000560,rep,Democrat,WA,2025-01-03,2027-01-03,congressmanlarsen,UCMv7LsJtiyO4AJcbRux5CxQ,RepRickLarsen,404132211.0,repricklarsen,,RepRickLarsen
John,Larson,L000557,rep,Democrat,CT,2025-01-03,2027-01-03,RepJohnLarson,UCGPsvFF-9WfpdRSCcCrPLiQ,RepJohnLarson,50452197.0,RepJohnBLarson,,RepJohnLarson
Frank,Lucas,L000491,rep,Republican,OK,2025-01-03,2027-01-03,RepFrankLucas,UCdYZbKY8pkWAThqwC3fdVMg,RepFrankLucas,242772524.0,repfranklucas,,RepFrankLucas
Zoe,Lofgren,L000397,rep,Democrat,CA,2025-01-03,2027-01-03,RepZoeLofgren,UCOaQ79adORFcaTuJZoIFuZQ,RepZoeLofgren,267938462.0,,,zoelofgren
Mike,Kelly,K000376,rep,Republican,PA,2025-01-03,2027-01-03,repmikekelly,UCoz6u3ooQxoijsWvhoQ0D-A,MikeKellyPA,935368364.0,,,191056827594903
William,Keating,K000375,rep,Democrat,MA,2025-01-03,2027-01-03,RepBillKeating,UC7KPV4xdxO2dms9vl6tETmg,USRepKeating,232992031.0,,,Congressman.Keating
Marcy,Kaptur,K000009,rep,Democrat,OH,2025-01-03,2027-01-03,USRepMarcyKaptur,UCIJUNf22o09nO02oQPLKQ6w,RepMarcyKaptur,581141508.0,repmarcykaptur,,RepresentativeMarcyKaptur
Ron,Johnson,J000293,sen,Republican,WI,2023-01-03,2029-01-03,SenatorRonJohnson,UCG9XyTVtOAs7VX_q_QVHoaw,SenRonJohnson,233737858.0,senronjohnson,,senronjohnson
Jim,Jordan,J000289,rep,Republican,OH,2025-01-03,2027-01-03,RepJimJordan,UCPFBhS00ivPV585GlnNlyqA,Jim_Jordan,18166778.0,,,repjimjordan
Henry,Johnson,J000288,rep,Democrat,GA,2025-01-03,2027-01-03,RepHankJohnson,UCqMici9I7nz_i-PN7eSYjwQ,RepHankJohnson,24745957.0,rephankjohnson,,115356957005
John,Hoeven,H001061,sen,Republican,ND,2023-01-03,2029-01-03,senatorjohnhoevennd,UC1kQIC2Q_Fq9_NRqdb6eHiw,SenJohnHoeven,382791093.0,senjohnhoeven,1237544252.0,SenatorJohnHoeven
Bill,Huizenga,H001058,rep,Republican,MI,2025-01-03,2027-01-03,RepHuizenga,UCQPlLLiMnysMmeJ5qUSSjQg,RepHuizenga,233949261.0,RepHuizenga,,RepHuizenga
James,Himes,H001047,rep,Democrat,CT,2025-01-03,2027-01-03,congressmanhimes,UCCeB6czh6nhCHxOMCk_V4yA,jahimes,,repjimhimes,,CongressmanJimHimes
Martin,Heinrich,H001046,sen,Democrat,NM,2025-01-03,2031-01-03,SenMartinHeinrich,UCBxh8IK5sMxY0Ln_0G2NYcg,MartinHeinrich,1099199839.0,senatormartinheinrich,285288987.0,MartinHeinrich
Mazie,Hirono,H001042,sen,Democrat,HI,2025-01-03,2031-01-03,CongresswomanHirono,UCcoKhxad156flzPYJ8JMFOA,MazieHirono,92186819.0,maziehirono,304094084.0,senatorhirono
Steny,Hoyer,H000874,rep,Democrat,MD,2025-01-03,2027-01-03,LeaderHoyer,UCvxgqX65cdhHNjJn64cgY9g,RepStenyHoyer,22012091.0,repstenyhoyer,51616645.0,WhipHoyer
H.,Griffith,G000568,rep,Republican,VA,2025-01-03,2027-01-03,RepMorganGriffith,UCzxqD7EY_Rdvbc0spbaYkJA,RepMGriffith,234057152.0,hmorgangriffith,,RepMorganGriffith
Paul,Gosar,G000565,rep,Republican,AZ,2025-01-03,2027-01-03,repgosar,UC5orqw_9acsKWSRbrqTDXBw,RepGosar,240760644.0,REPGOSAR,,repgosar
John,Garamendi,G000559,rep,Democrat,CA,2025-01-03,2027-01-03,garamendiCA10,UCRym1qsO72C39gX6pBu4icg,RepGaramendi,88806753.0,repgaramendi,,repgaramendi
Al,Green,G000553,rep,Democrat,TX,2025-01-03,2027-01-03,RepAlGreen,UCFtgMZm1YUXaZ8OtOj-GDjA,RepAlGreen,156333623.0,repalgreen,,repalgreen
Charles,Grassley,G000386,sen,Republican,IA,2023-01-03,2029-01-03,senchuckgrassley,UCiCPRkcLMInpDeOqGkMTt4w,ChuckGrassley,10615232.0,senatorchuckgrassley,,grassley
Lindsey,Graham,G000359,sen,Republican,SC,2021-01-03,2027-01-03,USSenLindseyGraham,UClLGZMA5Ei2Z8fR1PLEx6yQ,GrahamBlog,14845376.0,,,USSenatorLindseyGraham
Charles,Fleischmann,F000459,rep,Republican,TN,2025-01-03,2027-01-03,repchuck,UCTtRrJkM-R-f2K0byCMvHgw,RepChuck,235190657.0,,,repchuck
Virginia,Foxx,F000450,rep,Republican,NC,2025-01-03,2027-01-03,repvirginiafoxx,UCggineJcxJn80TRXxdQbx6w,VirginiaFoxx,16256269.0,repvirginiafoxx,,RepVirginiaFoxx
Scott,DesJarlais,D000616,rep,Republican,TN,2025-01-03,2027-01-03,ScottDesJarlaisTN04,UCvjuSLoi3hS0ECQvJLhwOkA,DesJarlaisTN04,235312723.0,desjarlaistn04,260930821.0,ScottDesJarlaisTN04
Mario,Diaz-Balart,D000600,rep,Republican,FL,2025-01-03,2027-01-03,MarioDiazBalart,UCpEEd0Plxx5D78pI4a4mFTQ,MarioDB,37094727.0,repmariodb,316477657.0,mdiazbalart
Richard,Durbin,D000563,sen,Democrat,IL,2021-01-03,2027-01-03,SenatorDurbin,UCkbixlNCxcKAffEhe3X5-lw,SenatorDurbin,247334603.0,,,SenatorDurbin
Lloyd,Doggett,D000399,rep,Democrat,TX,2025-01-03,2027-01-03,doggett,UCN-kiLKyHPcfRVZ28sAHS_g,RepLloydDoggett,153944899.0,replloyddoggett,,lloyddoggett
Rosa,DeLauro,D000216,rep,Democrat,CT,2025-01-03,2027-01-03,rosadelauro,UC9ROfGBm7kSLCEDYwFF6McQ,RosaDeLauro,140519774.0,,,CongresswomanRosaDeLauro
Diana,DeGette,D000197,rep,Democrat,CO,2025-01-03,2027-01-03,RepDianaDeGette,UCWFQCRTHwsHg9P1Hf-EQtew,RepDianaDeGette,28599820.0,,,DianaDeGette
Christopher,Coons,C001088,sen,Democrat,DE,2021-01-03,2027-01-03,senatorchriscoons,UC2lOVbsddn1HIkcDnmCw6tA,ChrisCoons,15324851.0,senatorchriscoons,25194715.0,senatorchriscoons
Eric,Crawford,C001087,rep,Republican,AR,2025-01-03,2027-01-03,RepRickCrawford,UCLKAkVl4BHRK73lmDiIgPYg,RepRickCrawford,233693291.0,reprickcrawford,389864684.0,RepRickCrawford
Judy,Chu,C001080,rep,Democrat,CA,2025-01-03,2027-01-03,RepJudyChu,UCfcbYOvdEXZNelM8T05nK-w,RepJudyChu,193732179.0,repjudychu,,RepJudyChu
André,Carson,C001072,rep,Democrat,IN,2025-01-03,2027-01-03,repandrecarson,UCprUnnEgM2VUGmAKSaZXCSw,RepAndreCarson,199325935.0,repandrecarson,,CongressmanAndreCarson
Joe,Courtney,C001069,rep,Democrat,CT,2025-01-03,2027-01-03,repcourtney,UCGVIfe1T2hO1Lx7ap5Wkv1w,RepJoeCourtney,85396297.0,repjoecourtney,,joecourtney
Steve,Cohen,C001068,rep,Democrat,TN,2025-01-03,2027-01-03,repcohen,UC_NJlnsOBjOameUwZk0rvsA,RepCohen,162069635.0,repcohen,,CongressmanSteveCohen
Yvette,Clarke,C001067,rep,Democrat,NY,2025-01-03,2027-01-03,repyvetteclarke,UC8SuQiuL2P9fUHAxuRoTdUQ,RepYvetteClarke,240812994.0,repyvettedclarke,,repyvettedclarke
Henry,Cuellar,C001063,rep,Democrat,TX,2025-01-03,2027-01-03,henrycuellar,UCVgEOdJx3tyILO9EjZ-heEQ,RepCuellar,210926192.0,RepCuellar,,152569121550
Emanuel,Cleaver,C001061,rep,Democrat,MO,2025-01-03,2027-01-03,repcleaver,UCVC-7CLFjXczoihr5FxDLsw,RepCleaver,163570705.0,repcleaver,,emanuelcleaverii
Jim,Costa,C001059,rep,Democrat,CA,2025-01-03,2027-01-03,RepJimCostaCA20,UCVgXX23eJEai6GiBOKO6dvA,RepJimCosta,245451804.0,,,RepJimCosta
John,Cornyn,C001056,sen,Republican,TX,2021-01-03,2027-01-03,senjohncornyn,UCyQwLQavlOaJ64YuY_VMtiQ,JohnCornyn,13218102.0,,,sen.johncornyn
Tom,Cole,C001053,rep,Republican,OK,2025-01-03,2027-01-03,reptomcole,UCvqzPm_YnNkfEHpm3SEMJMQ,TomColeOK04,23124635.0,TomColeOK04,,TomColeOK04
John,Carter,C001051,rep,Republican,TX,2025-01-03,2027-01-03,repjohncarter,UC9pkaOrhPfouzkJ8oAdI-1w,JudgeCarter,18030431.0,judgecarter,456560563.0,judgecarter
Shelley,Capito,C001047,sen,Republican,WV,2021-01-03,2027-01-03,,UCbiXdR4XQ3vD9Xp5lfR9QXw,SenCapito,193794406.0,sencapito,1640447624.0,senshelley
Susan,Collins,C001035,sen,Republican,ME,2021-01-03,2027-01-03,SenatorSusanCollins,UC6GYaBx5kT2r4PN8KENxC-w,SenatorCollins,19726613.0,sensusancollins,,susancollins
Michael,Crapo,C000880,sen,Republican,ID,2023-01-03,2029-01-03,senatorcrapo,UCMHzKHg1BE7dEcFjnayw1lA,MikeCrapo,600463589.0,mikecrapo,329357214.0,mikecrapo
James,Clyburn,C000537,rep,Democrat,SC,2025-01-03,2027-01-03,repjamesclyburn,UCIyU_UA_JEa14gvAwhquKqg,RepJamesClyburn,188019606.0,repjamesclyburn,,jameseclyburn
Maria,Cantwell,C000127,sen,Democrat,WA,2025-01-03,2031-01-03,SenatorCantwell,UCN52UDqKgvHRk39ncySrIMw,SenatorCantwell,117501995.0,,,senatorcantwell
Ken,Calvert,C000059,rep,Republican,CA,2025-01-03,2027-01-03,RepKenCalvert,UC5MEj7YOX_QdKoqD_HRxP3A,KenCalvert,22545491.0,repkencalvert,,70063393423
Richard,Blumenthal,B001277,sen,Democrat,CT,2023-01-03,2029-01-03,SenatorBlumenthal,UCHH-fn3_LVt0Q4od56rOi5g,SenBlumenthal,278124059.0,senblumenthal,,SenBlumenthal
Michael,Bennet,B001267,sen,Democrat,CO,2023-01-03,2029-01-03,SenatorBennet,UCXB3cljpMwTyCUyLr2ZVLow,SenatorBennet,224285242.0,SenBennetCO,,senbennetco
John,Barrasso,B001261,sen,Republican,WY,2025-01-03,2031-01-03,barrassowyo,UC80PfiCAB2Fe1MFayWlR6GQ,SenJohnBarrasso,202206694.0,,,johnbarrasso
Vern,Buchanan,B001260,rep,Republican,FL,2025-01-03,2027-01-03,vernbuchanan,UCY4DEy41NxOTdcF8_XAVZvw,VernBuchanan,20467163.0,repvern,344865327.0,CongressmanBuchanan
Gus,Bilirakis,B001257,rep,Republican,FL,2025-01-03,2027-01-03,RepGusBilirakis,UC2z1uu1n4-60xXs5x1mvLJw,RepGusBilirakis,26051676.0,gusbilirakis,,GusBilirakis
Marsha,Blackburn,B001243,sen,Republican,TN,2025-01-03,2031-01-03,RepMarshaBlackburn,UCvNnmu5mUm7xr8QXBlbtQ9w,MarshaBlackburn,278145569.0,marshablackburn,,marshablackburn
John,Boozman,B001236,sen,Republican,AR,2023-01-03,2029-01-03,BoozmanPressOffice,UC9vWHKL5OfIYh6kIV0rF2yw,JohnBoozman,5558312.0,johnboozman,,JohnBoozman
Sanford,Bishop,B000490,rep,Democrat,GA,2025-01-03,2027-01-03,RepSanfordBishop,UCxF9veLBrkr_CqVq5eFYVGg,SanfordBishop,249410485.0,,,sanfordbishop
Robert,Aderholt,A000055,rep,Republican,AL,2025-01-03,2027-01-03,RobertAderholt,UC71CAgpg1gbLTew_pfTneGA,Robert_Aderholt,76452765.0,,,RobertAderholt
Suzan,DelBene,D000617,rep,Democrat,WA,2025-01-03,2027-01-03,,UCd00b7TpKDZIr-Ujhaktvjg,RepDelBene,995193054.0,repdelbene,,RepDelBene
Suzanne,Bonamici,B001278,rep,Democrat,OR,2025-01-03,2027-01-03,RepSuzanneBonamici,UC0IkAeEiwgzSRTD1TDSvuBw,RepBonamici,558769636.0,RepBonamici,,congresswomanbonamici
Angus,King,K000383,sen,Independent,ME,2025-01-03,2031-01-03,SenatorAngusKing,UCpp6lGvrmt0XU_lnD4Ak0gA,SenAngusKing,1068481578.0,,,SenatorAngusSKingJr
Mark,Amodei,A000369,rep,Republican,NV,2025-01-03,2027-01-03,markamodeinv2,UCjOGx2iqSn1r3BQxaVgYhYw,MarkAmodeiNV2,402719755.0,MarkAmodeiNV2,,MarkAmodeiNV2
Eric,Swalwell,S001193,rep,Democrat,CA,2025-01-03,2027-01-03,ericswalwell,UCKvwsFNGD4sDkE_9g-2ft0w,RepSwalwell,942156122.0,repswalwell,338799200.0,CongressmanEricSwalwell
Markwayne,Mullin,M001190,sen,Republican,OK,2023-01-03,2027-01-03,,UCLQlm-cbGbJj9baZC6oFsag,SenMullin,1060370282.0,senmullin,,RepMullin
Grace,Meng,M001188,rep,Democrat,NY,2025-01-03,2027-01-03,,UCHg516zJKbIBtXFAJ0nu3XQ,RepGraceMeng,1051127714.0,,,repgracemeng
Mark,Takano,T000472,rep,Democrat,CA,2025-01-03,2027-01-03,RepMarkTakano,UCJg4F1irmSFeKoXZBaZbX2w,RepMarkTakano,1037321378.0,repmarktakano,,RepMarkTakano
Hakeem,Jeffries,J000294,rep,Democrat,NY,2025-01-03,2027-01-03,,UCYVmbsjoNbQ4j-PCQIYgpWQ,RepJeffries,467823431.0,repjeffries,,RepHakeemJeffries
David,Joyce,J000295,rep,Republican,OH,2025-01-03,2027-01-03,repdavejoyce,UCTu9xz2VYk-jtQv0TVsLyYA,RepDaveJoyce,976969338.0,repdavejoyce,360743678.0,RepDaveJoyce
Randy,Weber,W000814,rep,Republican,TX,2025-01-03,2027-01-03,TXRandy14,UCJSZRrAcd5i1bHLjR66PZdg,TXRandy14,1058051748.0,TXRandy14,,TXRandy14
Steve,Daines,D000618,sen,Republican,MT,2021-01-03,2027-01-03,SteveDainesMT,UC-ny-W5mEUGytiyMdXbQ20Q,SteveDaines,11651202.0,stevedaines,371125857.0,SteveDainesMT
Tom,Cotton,C001095,sen,Republican,AR,2021-01-03,2027-01-03,RepTomCotton,UCXEk6mokWBajIpNatbjnwSg,SenTomCotton,968650362.0,,,SenatorTomCotton
Ami,Bera,B001287,rep,Democrat,CA,2025-01-03,2027-01-03,repamibera,UClJCTCo53Zk6b4kUL-bbdzg,RepBera,950783972.0,repbera,,RepAmiBera
Bill,Foster,F000454,rep,Democrat,IL,2025-01-03,2027-01-03,RepBillFoster,UCicixINQr_-3cFHI2bJzFpQ,RepBillFoster,1080509366.0,,,CongressmanBillFoster
Lois,Frankel,F000462,rep,Democrat,FL,2025-01-03,2027-01-03,reploisfrankel,UCEk5viAhxaW_2OK20-yBwzQ,RepLoisFrankel,1077121945.0,reploisfrankel,,RepLoisFrankel
Richard,Hudson,H001067,rep,Republican,NC,2025-01-03,2027-01-03,RepRichHudson,UC9Q1qCvnQR7rHERjTjJl5Pg,RepRichHudson,935033864.0,,,RepRichHudson
Marc,Veasey,V000131,rep,Democrat,TX,2025-01-03,2027-01-03,marcveasey,UC2CRp1KF5uljZyhDRPR-72Q,RepVeasey,1074129612.0,repveasey,676925345.0,CongressmanMarcVeasey
Scott,Perry,P000605,rep,Republican,PA,2025-01-03,2027-01-03,RepScottPerry,UCzgrU5PT_HHRgf5hXPen4dQ,RepScottPerry,18773159.0,repscottperry,519463466.0,repscottperry
Raul,Ruiz,R000599,rep,Democrat,CA,2025-01-03,2027-01-03,repraulruiz,UCSDk-cyNPCo1iy6rweSPmBw,RepRaulRuizMD,1089859058.0,,,CongressmanRaulRuizMD
Kevin,Cramer,C001096,sen,Republican,ND,2025-01-03,2031-01-03,kevincramer,UCqUPdO9XaAW-dvwwXKbIVdA,SenKevinCramer,1048784496.0,repkevincramer,,CongressmanKevinCramer
Ann,Wagner,W000812,rep,Republican,MO,2025-01-03,2027-01-03,,UCy2v2DXXvQnbRc8Zx77Dnsg,RepAnnWagner,1051446626.0,repannwagner,,RepAnnWagner
Elizabeth,Warren,W000817,sen,Democrat,MA,2025-01-03,2031-01-03,senelizabethwarren,UCTH9zV8Imw09J5bOoTR18_A,SenWarren,970207298.0,senwarren,,senatorelizabethwarren
Garland,Barr,B001282,rep,Republican,KY,2025-01-03,2027-01-03,RepAndyBarr,UCVL2s6x7f7H0ZJ-uwU0pQ6Q,RepAndyBarr,1089334250.0,RepAndyBarr,,RepAndyBarr
Ted,Cruz,C001098,sen,Republican,TX,2025-01-03,2031-01-03,sentedcruz,UCOTZ-6H1rri1lSsj6IzhUyw,SenTedCruz,1074480192.0,sentedcruz,,SenatorTedCruz
Danny,Davis,D000096,rep,Democrat,IL,2025-01-03,2027-01-03,dannykdavis07,UCdhrT09_XMr31tuI8OcKsjQ,RepDannyDavis,789244177.0,,,CongressmanDKDavis
Sam,Graves,G000546,rep,Republican,MO,2025-01-03,2027-01-03,,UCdg2ybvoHsSW6t7iJnKHlNg,RepSamGraves,29766367.0,repsamgraves,,118514606128
Tammy,Baldwin,B001230,sen,Democrat,WI,2025-01-03,2031-01-03,witammybaldwin,UC_XjYCRbbI2_TDDjJidwk0Q,SenatorBaldwin,1074518754.0,senatorbaldwin,,senatortammybaldwin
Roger,Williams,W000816,rep,Republican,TX,2025-01-03,2027-01-03,,UCBtfmMMQarjtLB9U_pWMOhw,RepRWilliams,1077446982.0,,,RepRogerWilliams
Tammy,Duckworth,D000622,sen,Democrat,IL,2023-01-03,2029-01-03,repduckworth,UCYRWRvUxtjaHnFMCbdd94tg,SenDuckworth,1058520120.0,SenDuckworth,1387939090.0,SenDuckworth
Deb,Fischer,F000463,sen,Republican,NE,2025-01-03,2031-01-03,senatordebfischer,UCrbEfZaG_WhB0PBHI1hefPQ,SenatorFischer,1071402577.0,senatorfischer,,senatordebfischer
Jared,Huffman,H001068,rep,Democrat,CA,2025-01-03,2027-01-03,rephuffman,UCJU6SP1ppp1ZhSiqZLiFgDA,RepHuffman,1071102246.0,rephuffman,,RepHuffman
Andy,Harris,H001052,rep,Republican,MD,2025-01-03,2027-01-03,RepAndyHarris,UCvUuV7FiJfJi1yux4qozgMg,RepAndyHarrisMD,960962340.0,,,AndyHarrisMD
Scott,Peters,P000608,rep,Democrat,CA,2025-01-03,2027-01-03,,UCQK77QJxW7Xr-S3zqeMd-0g,RepScottPeters,1135486501.0,repscottpeters,,RepScottPeters
Joaquin,Castro,C001091,rep,Democrat,TX,2025-01-03,2027-01-03,JoaquinCastroTX,UCsRxWnFdRiV2od1O5v5nEeQ,JoaquinCastrotx,231510077.0,joaquincastrotx,378492005.0,326420614138023
Bill,Cassidy,C001075,sen,Republican,LA,2021-01-03,2027-01-03,SenatorBillCassidy,UCCEyGhUzxgkxFzWCY-rxz8g,SenBillCassidy,1.0175001853568532e+18,senbillcassidy,,SenBillCassidy
Brett,Guthrie,G000558,rep,Republican,KY,2025-01-03,2027-01-03,BrettGuthrie,UCdJhDw-YbdH0RHfWK0sIfiw,RepGuthrie,1908143071.0,repguthrie,,CongressmanGuthrie
Doug,LaMalfa,L000578,rep,Republican,CA,2025-01-03,2027-01-03,RepLaMalfa,UCUzz1XDn862fxirervSB2Yw,RepLaMalfa,1069124515.0,repdouglamalfa,,RepLaMalfa
Kathy,Castor,C001066,rep,Democrat,FL,2025-01-03,2027-01-03,RepKathyCastor,UC_irxhmLqVenTFPxDxznG6g,USRepKCastor,1880674038.0,usrepkathycastor,,USRepKathyCastor
Amy,Klobuchar,K000367,sen,Democrat,MN,2025-01-03,2031-01-03,senatorklobuchar,UCvdeJsDsV51tFb_hVqvtYGA,SenAmyKlobuchar,22044727.0,,,
Mark,Pocan,P000607,rep,Democrat,WI,2025-01-03,2027-01-03,repmarkpocan,UCz5b47WER_u3dUGV_Zi70dQ,RepMarkPocan,1206227149.0,repmarkpocan,1422301608.0,repmarkpocan
Juan,Vargas,V000130,rep,Democrat,CA,2025-01-03,2027-01-03,RepJuanVargas,UCpMthf8y7bEMJH_td0dznRQ,RepJuanVargas,1260172386.0,repjuanvargas,,RepJuanVargas
Timothy,Kaine,K000384,sen,Democrat,VA,2025-01-03,2031-01-03,SenatorTimKaine,UC27LgTZlUnBQoNEQFZdn9LA,,,sentimkaine,,SenatorKaine
Brian,Schatz,S001194,sen,Democrat,HI,2023-01-03,2029-01-03,senbrianschatz,UC8-mSYp2WqBiB_5iwtwKfow,SenBrianSchatz,1262099252.0,senbrianschatz,,SenBrianSchatz
Julia,Brownley,B001285,rep,Democrat,CA,2025-01-03,2027-01-03,RepJuliaBrownley,UCFrC4Ouk5R6xQztS9PZin_A,RepBrownley,1243902714.0,RepBrownley,,RepJuliaBrownley
Thomas,Massie,M001184,rep,Republican,KY,2025-01-03,2027-01-03,repthomasmassie,UCpmXOtvvXC3GE8o9VxYNK7g,RepThomasMassie,975200486.0,repthomasmassie,,RepThomasMassie
Robin,Kelly,K000385,rep,Democrat,IL,2025-01-03,2027-01-03,,UCLhcNPX2nNQLNzwKW0nEykg,RepRobinKelly,1339931490.0,reprobinkelly,,reprobinkelly
Kirsten,Gillibrand,G000555,sen,Democrat,NY,2025-01-03,2031-01-03,KirstenEGillibrand,UCVEloQogVsmnkd5vxJInmYg,GillibrandNY,8.999786224166953e+17,senkirstengillibrand,,SenKirstenGillibrand
James,Risch,R000584,sen,Republican,ID,2021-01-03,2027-01-03,SenatorJamesRisch,UCncKW8xyT5UbPNO27YuQnBA,SenatorRisch,1096059529.0,,,senatorjimrisch
Joyce,Beatty,B001281,rep,Democrat,OH,2025-01-03,2027-01-03,,UCtVl3kb7Xvt3pY7l6x-M6LA,RepBeatty,1531521632.0,repbeatty,554027718.0,RepJoyceBeatty
Tina,Smith,S001203,sen,Democrat,MN,2021-01-03,2027-01-03,,,SenTinaSmith,9.410006862753874e+17,senatortinasmith,,USSenTinaSmith
Jason,Smith,S001195,rep,Republican,MO,2025-01-03,2027-01-03,RepJasonSmith,UCzj9-27Lr4gcqopmZAobXXg,RepJasonSmith,1623308912.0,,,repjasonsmith
Christopher,Smith,S000522,rep,Republican,NJ,2025-01-03,2027-01-03,USRepChrisSmith,UCtCNUDo3-I1gsd_03ppDfZg,,,repchrissmith,,RepChrisSmith
Christopher,Murphy,M001169,sen,Democrat,CT,2025-01-03,2031-01-03,senchrismurphy,UCbcEa40PIFpLpdDe06n3F3Q,SenMurphyOffice,2853793517.0,senchrismurphy,,chrismurphyct
Cory,Booker,B001288,sen,Democrat,NJ,2021-01-03,2027-01-03,SenCoryBooker,UC6FlymqNS1VettnVZa7goPA,SenBooker,2167097881.0,corybooker,,SenatorCoryBooker
Katherine,Clark,C001101,rep,Democrat,MA,2025-01-03,2027-01-03,,UCgaI52w7QKI8LtkSeCCmSuw,RepKClark,2293131060.0,repkclark,,CongresswomanClark
Dan,Newhouse,N000189,rep,Republican,WA,2025-01-03,2027-01-03,,UCllbsv_aoIaPS6W3aSonZlw,RepNewhouse,2930635215.0,repnewhouse,,RepNewhouse
Barry,Loudermilk,L000583,rep,Republican,GA,2025-01-03,2027-01-03,,UC2Kfw8fjca8k3w3KpzL5tNg,RepLoudermilk,2914163523.0,RepLoudermilk,,reploudermilk
Earl,Carter,C001103,rep,Republican,GA,2025-01-03,2027-01-03,,UCHQm49T6ikD_ioMAt50AwKQ,RepBuddyCarter,2973870195.0,repbuddycarter,,congressmanbuddycarter
Mike,Bost,B001295,rep,Republican,IL,2025-01-03,2027-01-03,,UCYA1psY06vSf3QadHuCrmjQ,RepBost,2964877294.0,,,RepBost
Alma,Adams,A000370,rep,Democrat,NC,2025-01-03,2027-01-03,,UCPI9ao1Cr1nxEUD2r-usRjQ,RepAdams,2916086925.0,repadams,,CongresswomanAdams
John,Moolenaar,M001194,rep,Republican,MI,2025-01-03,2027-01-03,,UCnMvVN4a8roZu4crE0UW2DA,RepMoolenaar,2696643955.0,RepMoolenaar,,RepMoolenaar
Elise,Stefanik,S001196,rep,Republican,NY,2025-01-03,2027-01-03,,UCHvf42C8Vw6QnjwO2L2ukKA,RepStefanik,2962813893.0,repstefanik,,RepEliseStefanik
David,Rouzer,R000603,rep,Republican,NC,2025-01-03,2027-01-03,,UCBvOxpqoGi1HlHjX9v_gHZw,RepDavidRouzer,834069080.0,repdavidrouzer,,RepRouzer
Gary,Palmer,P000609,rep,Republican,AL,2025-01-03,2027-01-03,,UCYZfP-cNIvlJY3AcAc9OPpQ,USRepGaryPalmer,2861616083.0,repgarypalmer,1551536636.0,CongressmanGaryPalmer
Tom,Emmer,E000294,rep,Republican,MN,2025-01-03,2027-01-03,RepTomEmmer,,RepTomEmmer,2914515430.0,reptomemmer,1565640999.0,reptomemmer
Bruce,Westerman,W000821,rep,Republican,AR,2025-01-03,2027-01-03,,UCNshPbmupCwP5a7Hi79jETQ,RepWesterman,2852998461.0,,,RepWesterman
J.,Hill,H001072,rep,Republican,AR,2025-01-03,2027-01-03,,UCT8uWroJtkwSsCJlVg0IKvQ,RepFrenchHill,2953974395.0,repfrenchhill,,RepFrenchHill
Brian,Babin,B001291,rep,Republican,TX,2025-01-03,2027-01-03,,UCPVEZgw-VbDRbLV1MRGVQNQ,RepBrianBabin,2929491549.0,,,RepBrianBabin
Debbie,Dingell,D000624,rep,Democrat,MI,2025-01-03,2027-01-03,,UCnoP3KLT-HOvzDfC1-I-9lQ,RepDebDingell,2970279814.0,repdingell,,RepDebbieDingell
Norma,Torres,T000474,rep,Democrat,CA,2025-01-03,2027-01-03,,UCvWY4qKP6--o3pIJY7hhKDg,NormaJTorres,236279233.0,repnormatorres,,RepNormaTorres
Dan,Sullivan,S001198,sen,Republican,AK,2021-01-03,2027-01-03,,UC7tXCm8gKlAhTFo2kuf5ylw,SenDanSullivan,2891210047.0,sen_dansullivan,1660873387.0,SenDanSullivan
Rick,Allen,A000372,rep,Republican,GA,2025-01-03,2027-01-03,,UCZPoYXHFDAV17BGLMzGAmpg,RepRickAllen,2964287128.0,Rep_RickAllen,1666787116.0,CongressmanRickAllen
Mike,Rounds,R000605,sen,Republican,SD,2021-01-03,2027-01-03,,UC-pvzimyBdpdkcIfsicrfrQ,SenatorRounds,2955485182.0,senatorrounds,,SenatorMikeRounds
Brendan,Boyle,B001296,rep,Democrat,PA,2025-01-03,2027-01-03,,UCMP_Anj7lz4eZuSh8GwFqQQ,CongBoyle,4304448314.0,,,CongressmanBoyle
Pete,Aguilar,A000371,rep,Democrat,CA,2025-01-03,2027-01-03,,UCxwbFLOlKDsXrwizV5jah7g,RepPeteAguilar,3018670151.0,,,reppeteaguilar
Ruben,Gallego,G000574,sen,Democrat,AZ,2025-01-03,2031-01-03,,,RepRubenGallego,2966570782.0,reprubengallego,,RepRubenGallego
Stacey,Plaskett,P000610,rep,Democrat,VI,2025-01-03,2027-01-03,,UC3V7biFZHDFHDFZy6cCSZUA,StaceyPlaskett,2724095695.0,stacey_plaskett,,repstaceyplaskett
Bonnie,Watson Coleman,W000822,rep,Democrat,NJ,2025-01-03,2027-01-03,,UCrxEaX0VKZKwg3930du2D5A,RepBonnie,2968451607.0,repbonnie,,RepBonnie
Ted,Lieu,L000582,rep,Democrat,CA,2025-01-03,2027-01-03,,UC9qcJxTqfDNBnVul1IojlFg,RepTedLieu,3044993235.0,RepTedLieu,,RepTedLieu
Mark,DeSaulnier,D000623,rep,Democrat,CA,2025-01-03,2027-01-03,,,RepDeSaulnier,2968007206.0,repdesaulnier,,RepMarkDeSaulnier
Seth,Moulton,M001196,rep,Democrat,MA,2025-01-03,2027-01-03,,UC5w5qn7nj5Ljy69LTV7a_fQ,RepMoulton,3091316093.0,repmoulton,,CongressmanSethMoulton
Donald,Beyer,B001292,rep,Democrat,VA,2025-01-03,2027-01-03,,UCPJGVbOVcAVGiBwq8qr_T9w,RepDonBeyer,2962868158.0,repdonbeyer,,RepDonBeyer
Glenn,Grothman,G000576,rep,Republican,WI,2025-01-03,2027-01-03,,UCui4k83Cot4aeVW_8T33fgg,RepGrothman,2976606250.0,repglenngrothman,,RepGrothman
Donald,Norcross,N000188,rep,Democrat,NJ,2025-01-03,2027-01-03,,UC7kXK_PyDiOT8YrdP0jYZHw,DonaldNorcross,3122099613.0,donald_norcross,,DonaldNorcrossNJ
Trent,Kelly,K000388,rep,Republican,MS,2025-01-03,2027-01-03,,UCtDrz-8tdg4ZgOAQHToSWaQ,RepTrentKelly,3317799825.0,reptrentkelly,,reptrentkelly
Darin,LaHood,L000585,rep,Republican,IL,2025-01-03,2027-01-03,,UCVRbtFwaBGcixZIkygtalRw,RepLaHood,3686482216.0,,,replahood
Jim,Banks,B001299,sen,Republican,IN,2025-01-03,2031-01-03,,UC_FR6TySW9uxvhjozkis6Xg,RepJimBanks,8.161313190339502e+17,repjimbanks,,RepJimBanks
Lisa,Blunt Rochester,B001303,sen,Democrat,DE,2025-01-03,2031-01-03,,,RepLBR,8.170502190073283e+17,senlbr,,Rep.BluntRochester
Jamie,Raskin,R000606,rep,Democrat,MD,2025-01-03,2027-01-03,,UChxDE6vho5BfBTOqiBsDmKg,RepRaskin,8.069063552148521e+17,repraskin,,repraskin
Jimmy,Panetta,P000613,rep,Democrat,CA,2025-01-03,2027-01-03,,UCmw-aERG51C96edMDPN7fXQ,RepJimmyPanetta,7.967366125541171e+17,repjimmypanetta,,RepJimmyPanetta
Neal,Dunn,D000628,rep,Republican,FL,2025-01-03,2027-01-03,,UCRTGfrYP-RuDzJ2KGok7TRA,DrNealDunnFL2,8.15952318487298e+17,,,drnealdunnfl2
Nanette,Barragán,B001300,rep,Democrat,CA,2025-01-03,2027-01-03,,,RepBarragan,8.168339254567895e+17,repbarragan,,CongresswomanBarragan
Andy,Biggs,B001302,rep,Republican,AZ,2025-01-03,2027-01-03,,UCqSq9kWOxk9yNTeILBCVC1w,RepAndyBiggsAZ,8.166526166251684e+17,repandybiggs,,RepAndyBiggs
Brian,Mast,M001199,rep,Republican,FL,2025-01-03,2027-01-03,repbrianmast,,RepBrianMast,8.141039504042394e+17,RepBrianMast,,repbrianmast
Warren,Davidson,D000626,rep,Republican,OH,2025-01-03,2027-01-03,,UCMzuyZWzk44YRNesFzPTeUw,WarrenDavidson,7.427355302873047e+17,instawarrendavidson,,CongressmanWarrenDavidson
Vicente,Gonzalez,G000581,rep,Democrat,TX,2025-01-03,2027-01-03,,UC5H6oYLKQ_xIXO5CG7fh4hw,RepGonzalez,8.185361525882388e+17,repvicentegonzaleztx,,USCongressmanVicenteGonzalez
Josh,Gottheimer,G000583,rep,Democrat,NJ,2025-01-03,2027-01-03,,,RepJoshG,8.15310506596692e+17,RepJoshG,,RepJoshG
Catherine,Cortez Masto,C001113,sen,Democrat,NV,2023-01-03,2029-01-03,,UCip_83SiKUqwnUT57VOXrCg,SenCortezMasto,8.113135657601638e+17,sencortezmasto,,SenatorCortezMasto
Ro,Khanna,K000389,rep,Democrat,CA,2025-01-03,2027-01-03,,UCr4KOYv1o1oEQhy1jhhm3pQ,RepRoKhanna,8.162989184682598e+17,reprokhanna,,RepRoKhanna
Jodey,Arrington,A000375,rep,Republican,TX,2025-01-03,2027-01-03,UC3lif8TFPOe-tJ2-pE4Rp7Q,,RepArrington,8.162846646588744e+17,repjodeyarrington,,JodeyArrington
Salud,Carbajal,C001112,rep,Democrat,CA,2025-01-03,2027-01-03,repcarbajal,,RepCarbajal,8.161576678823731e+17,repcarbajal,,repsaludcarbajal
Bradley,Schneider,S001190,rep,Democrat,IL,2025-01-03,2027-01-03,RepBradSchneider,,RepSchneider,1071840474.0,repschneider,,CongressmanBradSchneider
Ted,Budd,B001305,sen,Republican,NC,2023-01-03,2029-01-03,@sentedbudd,,RepTedBudd,8.171384926145249e+17,sentedbudd,,RepTedBudd
Pramila,Jayapal,J000298,rep,Democrat,WA,2025-01-03,2027-01-03,,UCmyD0_-2Oowkfwc_Raghclw,RepJayapal,8.157332909551124e+17,repjayapal,,RepJayapal
Brian,Fitzpatrick,F000466,rep,Republican,PA,2025-01-03,2027-01-03,,UCYMNcgHss4_Q5JY2vSvMpgw,RepBrianFitz,8.163032635869143e+17,repbrianfitz,,repbrianfitzpatrick
John,Kennedy,K000393,sen,Republican,LA,2023-01-03,2029-01-03,UCDgjkA5Y_npoxeUiSW18JZQ,,SenJohnKennedy,8.166832740766147e+17,SenJohnKennedy,,JohnKennedyLouisiana
Raja,Krishnamoorthi,K000391,rep,Democrat,IL,2025-01-03,2027-01-03,,,CongressmanRaja,8.141790319564882e+17,congressmanraja,,congressmanraja
Margaret,Hassan,H001076,sen,Democrat,NH,2023-01-03,2029-01-03,,,SenatorHassan,946549322.0,senatorhassan,,SenatorHassan
Adriano,Espaillat,E000297,rep,Democrat,NY,2025-01-03,2027-01-03,,UCi0niBYFhEY70Dz8InbX5OQ,RepEspaillat,8.17076257770836e+17,repadrianoespaillat,,RepEspaillat
David,Kustoff,K000392,rep,Republican,TN,2025-01-03,2027-01-03,,UCK6U4plOKKMrCjv_h59spGQ,RepDavidKustoff,8.160121245059318e+17,repdavidkustoff,,RepDavidKustoff
Darren,Soto,S001200,rep,Democrat,FL,2025-01-03,2027-01-03,repdarrensoto,,RepDarrenSoto,8.187134656530514e+17,RepDarrenSoto,,CongressmanDarrenSoto
Jack,Bergman,B001301,rep,Republican,MI,2025-01-03,2027-01-03,RepJackBergman,,RepJackBergman,8.152416121544172e+17,RepJackBergman,,RepJackBergman
James,Comer,C001108,rep,Republican,KY,2025-01-03,2027-01-03,,,RepJamesComer,1.2748527942063882e+18,congressmancomer,,congressmancomer
Roger,Marshall,M001198,sen,Republican,KS,2021-01-03,2027-01-03,UCR3nOFMqBB-kRpKFwgapMaQ,,SenatorMarshall,1.336344005588738e+18,senrogermarshall,,RogerMarshallMD
Dwight,Evans,E000296,rep,Democrat,PA,2025-01-03,2027-01-03,,,RepDwightEvans,90639372.0,repdwightevans,,RepDwightEvans
John,Rutherford,R000609,rep,Republican,FL,2025-01-03,2027-01-03,Reprutherfordfl,,RepRutherfordFL,8.289772165958492e+17,reprutherfordfl,,RepRutherfordFL
Mike,Johnson,J000299,rep,Republican,LA,2025-01-03,2027-01-03,,UCzqBEpeIaDEfvAtsA53Fx2Q,RepMikeJohnson,8.272797652875592e+17,RepMikeJohnson,,RepMikeJohnson
Jacky,Rosen,R000608,sen,Democrat,NV,2025-01-03,2031-01-03,,,SenJackyRosen,8.18554054309716e+17,repjackyrosen,,RepJackyRosen
J.,Correa,C001110,rep,Democrat,CA,2025-01-03,2027-01-03,,UCIKJJp4QJIDjnjodc23qKkw,RepLouCorrea,8.159850394858373e+17,reploucorrea,,RepLouCorrea
Don,Bacon,B001298,rep,Republican,NE,2025-01-03,2027-01-03,,UCR9abI1lZzAZ6HwQXc-dLFQ,RepDonBacon,8.189751244603351e+17,RepDonBacon,,RepDonBacon
Lloyd,Smucker,S001199,rep,Republican,PA,2025-01-03,2027-01-03,,UCs5iMvWy-oTHyf5HuwB7FCg,RepSmucker,41417564.0,,,RepSmucker
Clay,Higgins,H001077,rep,Republican,LA,2025-01-03,2027-01-03,,,RepClayHiggins,8.436369705386189e+17,RepClayHiggins,,CongressmanClayHiggins
Ron,Estes,E000298,rep,Republican,KS,2025-01-03,2027-01-03,,UC2clc28qcehIqotHQcthnWA,RepRonEstes,8.547150711168492e+17,RepRonEstes,,RepRonEstes
Jimmy,Gomez,G000585,rep,Democrat,CA,2025-01-03,2027-01-03,UCOmm091WM6D01xTdzsWNvbQ,,RepJimmyGomez,2371339658.0,repjimmygomez,,RepJimmyGomez
Ralph,Norman,N000190,rep,Republican,SC,2025-01-03,2027-01-03,UCVVIZjUpGRB1pgQGDBVBU8Q,,RepRalphNorman,8.804806311086449e+17,repralphnorman,,RepRalphNorman
John,Curtis,C001114,sen,Republican,UT,2025-01-03,2031-01-03,,UChAQ4MD-HigmGnImSoAKBVA,RepJohnCurtis,9.316144830504141e+17,repjohncurtis,,RepJohnCurtis
Cindy,Hyde-Smith,H001079,sen,Republican,MS,2021-01-03,2027-01-03,,UCJHxkJhGST0NTlkzJHWV03Q,SenHydeSmith,9.833482519728169e+17,sencindyhydesmith,,SenatorCindyHydeSmith
Michael,Cloud,C001115,rep,Republican,TX,2025-01-03,2027-01-03,RepCloudTX,,RepCloudTX,1.0398796584001126e+18,repcloudtx,,RepCloudTX
Pete,Stauber,S001212,rep,Republican,MN,2025-01-03,2027-01-03,,,RepPeteStauber,1.0758305990075105e+18,,,RepPeteStauber
Troy,Balderson,B001306,rep,Republican,OH,2025-01-03,2027-01-03,UCm6vJzx-mu4Xr56FnQKRz0w,,RepBalderson,1.0373415365923103e+18,,,RepTroyBalderson
Ben,Cline,C001118,rep,Republican,VA,2025-01-03,2027-01-03,@congressmanbencline8000,,RepBenCline,1.0721583572371743e+18,repbencline,,RepBenCline
Steven,Horsford,H001066,rep,Democrat,NV,2025-01-03,2027-01-03,UCNEpy5bPXiyAavRzYnPlhDQ,,RepHorsford,389840566.0,rephorsford,,
Kevin,Hern,H001082,rep,Republican,OK,2025-01-03,2027-01-03,UC9XRRGCgGOEtEOwUAo1rYZg,,repkevinhern,1.0678185391790244e+18,,,repkevinhern
Mike,Levin,L000593,rep,Democrat,CA,2025-01-03,2027-01-03,UCYFDRohyZgoPy5rXOaVZO-A,,RepMikeLevin,1.07213413956062e+18,RepMikeLevin,,RepMikeLevin
Joseph,Morelle,M001206,rep,Democrat,NY,2025-01-03,2027-01-03,,,RepJoeMorelle,1.064595993222615e+18,,,RepJoeMorelle
Joe,Neguse,N000191,rep,Democrat,CO,2025-01-03,2027-01-03,,,RepJoeNeguse,1.07874980276514e+18,,,RepJoeNeguse
Bryan,Steil,S001213,rep,Republican,WI,2025-01-03,2027-01-03,,,RepBryanSteil,1.07520569162172e+18,,,
Tim,Burchett,B001309,rep,Republican,TN,2025-01-03,2027-01-03,,,RepTimBurchett,1.0288548040874926e+18,,,
Angie,Craig,C001119,rep,Democrat,MN,2025-01-03,2027-01-03,,,RepAngieCraig,1.0802223606434857e+18,,,RepAngieCraig
Dan,Crenshaw,C001120,rep,Republican,TX,2025-01-03,2027-01-03,UC2XDiCjAHtJqnSEzrHAY5IQ,,RepDanCrenshaw,1.0808949313114317e+18,dancrenshawtx,,RepDanCrenshaw
Jason,Crow,C001121,rep,Democrat,CO,2025-01-03,2027-01-03,,,RepJasonCrow,1.0801918665099018e+18,,,RepJasonCrow
Sharice,Davids,D000629,rep,Democrat,KS,2025-01-03,2027-01-03,,,RepDavids,1.0805161163954995e+18,,,
Veronica,Escobar,E000299,rep,Democrat,TX,2025-01-03,2027-01-03,UC46TX2P8K0CA_4gZv8_R2Og,,RepEscobar,1.0755178065511547e+18,repescobar,,RepEscobar
Lizzie,Fletcher,F000468,rep,Democrat,TX,2025-01-03,2027-01-03,UCIWDLoDPvawP118TNWi-9rg,,RepFletcher,1.0759043772217221e+18,repfletcher,,RepFletcher
Russ,Fulcher,F000469,rep,Republican,ID,2025-01-03,2027-01-03,UCx2AS0O5frzPB8D6TqJ3Mqg,,RepRussFulcher,1.0787418995722404e+18,RepRussFulcher,,RepRussFulcher
Sylvia,Garcia,G000587,rep,Democrat,TX,2025-01-03,2027-01-03,,,RepSylviaGarcia,1.0805872631327334e+18,,,RepSylviaGarcia
Jared,Golden,G000592,rep,Democrat,ME,2025-01-03,2027-01-03,,,RepGolden,1.0808916673082982e+18,,,
Chrissy,Houlahan,H001085,rep,Democrat,PA,2025-01-03,2027-01-03,UCGydnnhsUZqFBscmcWcT-zQ,,RepHoulahan,1.0528966207974605e+18,repchrissyhoulahan,,RepChrissyHoulahan
Josh,Harder,H001090,rep,Democrat,CA,2025-01-03,2027-01-03,,,RepJoshHarder,1.0808511521519534e+18,,,
Dusty,Johnson,J000301,rep,Republican,SD,2025-01-03,2027-01-03,,,RepDustyJohnson,1.0747823725944136e+18,,,
Susie,Lee,L000590,rep,Democrat,NV,2025-01-03,2027-01-03,,,RepSusieLee,1.0790615799734395e+18,repsusielee,,RepSusieLee
Daniel,Meuser,M001204,rep,Republican,PA,2025-01-03,2027-01-03,,,RepMeuser,1.0805747936305275e+18,,,RepMeuser
Ayanna,Pressley,P000617,rep,Democrat,MA,2025-01-03,2027-01-03,UCkhjut8oXdxN7HGg5eRT9Fw,,RepPressley,1.0805842295101727e+18,RepAyannaPressley,,RepAyannaPressley
Mikie,Sherrill,S001207,rep,Democrat,NJ,2025-01-03,2027-01-03,,,RepSherrill,1.0805696985368781e+18,,,RepMikieSherrill
Elissa,Slotkin,S001208,sen,Democrat,MI,2025-01-03,2031-01-03,,,RepSlotkin,1.0784014273478574e+18,senslotkin,,SenElissaSlotkin
Greg,Stanton,S001211,rep,Democrat,AZ,2025-01-03,2027-01-03,,,RepGregStanton,1.0808850784257843e+18,repgregstanton,,repgregstanton
Haley,Stevens,S001215,rep,Democrat,MI,2025-01-03,2027-01-03,,,RepHaleyStevens,1.0761616110339686e+18,,,RepHaleyStevens
Kim,Schrier,S001216,rep,Democrat,WA,2025-01-03,2027-01-03,,,RepKimSchrier,1.080462532815532e+18,,,repkimschrier
William,Timmons,T000480,rep,Republican,SC,2025-01-03,2027-01-03,,,RepTimmons,1.0797708523029586e+18,reptimmons,,reptimmons
Rashida,Tlaib,T000481,rep,Democrat,MI,2025-01-03,2027-01-03,UCl5GK07sD5TZIhKcsDNSExA,,RepRashida,1.0797695367301407e+18,reprashida,,RepRashida
Lori,Trahan,T000482,rep,Democrat,MA,2025-01-03,2027-01-03,UCsRXg0BmoS4Rkjz-pqX1PmQ,,RepLoriTrahan,1.0798024826400195e+18,reploritrahan,,reploritrahan
Lauren,Underwood,U000040,rep,Democrat,IL,2025-01-03,2027-01-03,,,RepUnderwood,1.0805394385084006e+18,,,
Jahana,Hayes,H001081,rep,Democrat,CT,2025-01-03,2027-01-03,UCXngpVME5LZjcdXxZQxSDQA,,RepJahanaHayes,1.082086081238102e+18,repjahanahayes,,RepJahanaHayes
Madeleine,Dean,D000631,rep,Democrat,PA,2025-01-03,2027-01-03,UCHj4veUyhPzzOW-Jvn7MqUg,,RepDean,567508925.0,repmadeleinedean,,RepMadeleineDean
Chris,Pappas,P000614,rep,Democrat,NH,2025-01-03,2027-01-03,,,RepChrisPappas,1.0677486504854979e+18,,,
John,Rose,R000612,rep,Republican,TN,2025-01-03,2027-01-03,,,RepJohnRose,1.0813123100592538e+18,,,repjohnrose
Mary,Scanlon,S001205,rep,Democrat,PA,2025-01-03,2027-01-03,,,RepMGS,1.0675412146715771e+18,repmgs,,repmgs
Alexandria,Ocasio-Cortez,O000172,rep,Democrat,NY,2025-01-03,2027-01-03,,,RepAOC,1.0791045632805274e+18,,,repaoc
John,Joyce,J000302,rep,Republican,PA,2025-01-03,2027-01-03,,,RepJohnJoyce,1.082311988926124e+18,,,
Michael,Guest,G000591,rep,Republican,MS,2025-01-03,2027-01-03,,,RepMichaelGuest,1.0812434683270185e+18,,,RepMichaelGuest
Sean,Casten,C001117,rep,Democrat,IL,2025-01-03,2027-01-03,,,RepCasten,1.0834722860893962e+18,repseancasten,,RepSeanCasten
Carol,Miller,M001205,rep,Republican,WV,2025-01-03,2027-01-03,,,RepCarolMiller,1.0813187165734707e+18,,,RepCarolMiller
Lucy,McBath,M001208,rep,Democrat,GA,2025-01-03,2027-01-03,,,RepLucyMcBath,1.0823804589760512e+18,replucymcbath,,RepLucyMcBath
Chip,Roy,R000614,rep,Republican,TX,2025-01-03,2027-01-03,,,RepChipRoy,1.0827906002929254e+18,,,
W.,Steube,S001214,rep,Republican,FL,2025-01-03,2027-01-03,@RepGregSteube,,RepGregSteube,1.0831256496095068e+18,repgregsteube,,RepGregSteube
Jesús,García,G000586,rep,Democrat,IL,2025-01-03,2027-01-03,,,RepChuyGarcia,1.0824277795835412e+18,,,RepChuyGarcia
James,Baird,B001307,rep,Republican,IN,2025-01-03,2027-01-03,UCAe6fGhotC9J9tR_QONYzFA,,RepJimBaird,1.0863164944500326e+18,,,RepJimBaird
Guy,Reschenthaler,R000610,rep,Republican,PA,2025-01-03,2027-01-03,RepGuyReschenthaler,,GReschenthaler,4205133682.0,greschenthaler,,GReschenthaler
Ilhan,Omar,O000173,rep,Democrat,MN,2025-01-03,2027-01-03,,,Ilhan,1.0823343527117906e+18,,,
Ed,Case,C001055,rep,Democrat,HI,2025-01-03,2027-01-03,RepEdCase,,RepEdCase,1.0813505745898332e+18,repedcase,,RepEdCase
Joshua,Hawley,H001089,sen,Republican,MO,2025-01-03,2031-01-03,UCMzt8xq6qQ3XQ_DlNfJx0-w,,SenHawleyPress,1.080960924687704e+18,senatorhawley,,SenatorHawley
Kweisi,Mfume,M000687,rep,Democrat,MD,2025-01-03,2027-01-03,UCbE6PJy-4U0DxosEW2TBQRA,,RepKweisiMfume,1.2762097023224381e+18,repkweisimfume,,RepKweisiMfume
Gregory,Murphy,M001210,rep,Republican,NC,2025-01-03,2027-01-03,,,RepGregMurphy,1.1739780705350246e+18,repgregmurphy,,RepGregMurphy
Mark,Kelly,K000377,sen,Democrat,AZ,2023-01-03,2029-01-03,SenMarkKelly,,SenMarkKelly,1.3249262748888883e+18,senmarkkelly,,SenMarkKelly
Clarence,Owens,O000086,rep,Republican,UT,2025-01-03,2027-01-03,UCxeB7xjbLDJM9Yw6brXsX6Q,,RepBurgessOwens,1.3444812176856924e+18,repburgessowens,,CongressmanBurgessOwens
Blake,Moore,M001213,rep,Republican,UT,2025-01-03,2027-01-03,@RepBlakeMoore,,RepBlakeMoore,1.3374525960935875e+18,repblakemoore,,RepBlakeMoore
Beth,Van Duyne,V000134,rep,Republican,TX,2025-01-03,2027-01-03,,,RepBethVanDuyne,1.3396332593497457e+18,repbethvanduyne,,RepBethVanDuyne
Ronny,Jackson,J000304,rep,Republican,TX,2025-01-03,2027-01-03,,,RepRonnyJackson,1.3419034656106865e+18,RepRonnyJackson,,RepRonnyJackson
August,Pfluger,P000048,rep,Republican,TX,2025-01-03,2027-01-03,UC8bJT16wpa7co50ELvpMTTg,,RepPfluger,1.341120751399809e+18,repaugustpfluger,,RepAugustPfluger
Patrick,Fallon,F000246,rep,Republican,TX,2025-01-03,2027-01-03,RepPatFallon,,RepPatFallon,1.3432580427045274e+18,RepPatFallon,,RepPatFallon
Diana,Harshbarger,H001086,rep,Republican,TN,2025-01-03,2027-01-03,,,RepHarshbarger,1.3457872851791626e+18,,,RepDianaHarshbarger
Nancy,Mace,M000194,rep,Republican,SC,2025-01-03,2027-01-03,,,RepNancyMace,1.343597700542038e+18,repnancymace,,RepNancyMace
Stephanie,Bice,B000740,rep,Republican,OK,2025-01-03,2027-01-03,,,RepBice,1.3442601962275553e+18,,,RepStephanieBice
Nicole,Malliotakis,M000317,rep,Republican,NY,2025-01-03,2027-01-03,,,RepMalliotakis,1.3447505880269005e+18,,,RepNicole
Andrew,Garbarino,G000597,rep,Republican,NY,2025-01-03,2027-01-03,,,RepGarbarino,1.3443496504474337e+18,,,RepAndrewGarbarino
Michelle,Fischbach,F000470,rep,Republican,MN,2025-01-03,2027-01-03,UCAxs5zhFdAkGbkRnuC3osDw,,RepFischbach,1.3443752874847232e+18,repfischbach,,repfischbach
Lisa,McClain,M001136,rep,Republican,MI,2025-01-03,2027-01-03,,,RepLisaMcClain,1.3440322924324372e+18,replisamcclain,,RepLisaMcClain
Jake,Auchincloss,A000148,rep,Democrat,MA,2025-01-03,2027-01-03,RepAuchincloss,,RepAuchincloss,1.330278736554582e+18,,,RepAuchincloss
Victoria,Spartz,S000929,rep,Republican,IN,2025-01-03,2027-01-03,,,RepSpartz,1.3448452014796636e+18,,,RepSpartz
Mary,Miller,M001211,rep,Republican,IL,2025-01-03,2027-01-03,,,RepMaryMiller,1.3436566359071252e+18,,,RepMaryMiller
Randy,Feenstra,F000446,rep,Republican,IA,2025-01-03,2027-01-03,,,RepFeenstra,1.3451353637618524e+18,,,repfeenstra
Ashley,Hinson,H001091,rep,Republican,IA,2025-01-03,2027-01-03,,,RepAshleyHinson,1.3407833043044106e+18,,,RepAshleyHinson
Marjorie,Greene,G000596,rep,Republican,GA,2025-01-03,2027-01-03,,,RepMTG,1.3443565767868662e+18,repmtg,,RepMTGreene
Nikema,Williams,W000788,rep,Democrat,GA,2025-01-03,2027-01-03,,,RepNikema,1.3454617973615043e+18,repnikema,,RepNikemaWilliams
Maria,Salazar,S000168,rep,Republican,FL,2025-01-03,2027-01-03,,,RepMariaSalazar,1.325928411689349e+18,repmariasalazar,,RepMariaSalazar
C.,Franklin,F000472,rep,Republican,FL,2025-01-03,2027-01-03,@RepFranklin,,RepFranklin,1.3436647213843988e+18,RepFranklin,,RepFranklin
Katherine,Cammack,C001039,rep,Republican,FL,2025-01-03,2027-01-03,,,RepKatCammack,1.3443256389839872e+18,repkatcammack,,RepKatCammack
Lauren,Boebert,B000825,rep,Republican,CO,2025-01-03,2027-01-03,,,RepBoebert,1.3429897566119076e+18,,,RepBoebert
Sara,Jacobs,J000305,rep,Democrat,CA,2025-01-03,2027-01-03,,,RepSaraJacobs,1.3451039058694554e+18,repsarajacobs,,RepSaraJacobs
Young,Kim,K000397,rep,Republican,CA,2025-01-03,2027-01-03,@RepYoungKim,,RepYoungKim,1.3446774014653972e+18,repyoungkim,,RepYoungKim
Barry,Moore,M001212,rep,Republican,AL,2025-01-03,2027-01-03,,,RepBarryMoore,1.3390060786888253e+18,,,RepBarryMoore
Tommy,Tuberville,T000278,sen,Republican,AL,2021-01-03,2027-01-03,,,SenTuberville,1.3457391937214874e+18,sentuberville,,RogerMarshallMD
Ritchie,Torres,T000486,rep,Democrat,NY,2025-01-03,2027-01-03,@RepRitchie,,RepRitchie,1.2764037572245463e+18,repritchie,,RepRitchie
Tracey,Mann,M000871,rep,Republican,KS,2025-01-03,2027-01-03,,,RepMann,1.345825008887722e+18,reptraceymann,,Congressman-Tracey-Mann-105522931489227
Cliff,Bentz,B000668,rep,Republican,OR,2025-01-03,2027-01-03,,,RepBentz,1.3457888659116564e+18,repbentz,,RepBentz
Mariannette,Miller-Meeks,M001215,rep,Republican,IA,2025-01-03,2027-01-03,,,RepMMM,1.345807954604413e+18,,,RepMMM
Carlos,Gimenez,G000593,rep,Republican,FL,2025-01-03,2027-01-03,,,RepCarlos,1.3436791950341038e+18,repcarlosfl,,RepCarlosGimenez
Cynthia,Lummis,L000571,sen,Republican,WY,2021-01-03,2027-01-03,,,SenLummis,22831059.0,sencynthialummis,,sencynthialummis
Teresa,Leger Fernandez,L000273,rep,Democrat,NM,2025-01-03,2027-01-03,@rep.teresalegerfernandez8059,,RepTeresaLF,1.3451478459266703e+18,repteresalf,,RepTeresaLF
Jay,Obernolte,O000019,rep,Republican,CA,2025-01-03,2027-01-03,,,JayObernolte,272482466.0,,,
Marilyn,Strickland,S001159,rep,Democrat,WA,2025-01-03,2027-01-03,,,RepStricklandWA,1.3436465459552133e+18,repstricklandwa,,RepStricklandWA
Ernest,Gonzales,G000594,rep,Republican,TX,2025-01-03,2027-01-03,,,RepTonyGonzales,1.343627416120533e+18,,,RepTonyGonzales
Deborah,Ross,R000305,rep,Democrat,NC,2025-01-03,2027-01-03,,,RepDeborahRoss,1.348683154815656e+18,repdeborahross,,RepDeborahRoss
Bill,Hagerty,H000601,sen,Republican,TN,2021-01-03,2027-01-03,UCqLlLx05ScUwxVHvevyaDFg,,SenatorHagerty,1.3468736108756541e+18,senatorhagerty,,SenatorBillHagerty
Troy,Nehls,N000026,rep,Republican,TX,2025-01-03,2027-01-03,,,RepTroyNehls,1.3473182888508252e+18,reptroynehls,,RepTroyNehls
Alejandro,Padilla,P000145,sen,Democrat,CA,2023-01-03,2029-01-03,,,SenAlexPadilla,1.3512362677076541e+18,SenAlexPadilla,,SenAlexPadilla
Raphael,Warnock,W000790,sen,Democrat,GA,2023-01-03,2029-01-03,senatorwarnock,,SenatorWarnock,1.3522879978536223e+18,,,SenatorWarnock
Frank,Mrvan,M001214,rep,Democrat,IN,2025-01-03,2027-01-03,,,RepMrvan,1.3462050460363776e+18,,,RepMrvan
Scott,Fitzgerald,F000471,rep,Republican,WI,2025-01-03,2027-01-03,,,RepFitzgerald,1004891731.0,,,CongressmanScottFitzgerald
Claudia,Tenney,T000478,rep,Republican,NY,2025-01-03,2027-01-03,,,RepTenney,7.972010484904305e+17,,,RepClaudiaTenney
Jon,Ossoff,O000174,sen,Democrat,GA,2021-01-20,2027-01-03,,,SenOssoff,1.3567142658944082e+18,jonossoff,,SenOssoff
Shontel,Brown,B001313,rep,Democrat,OH,2025-01-03,2027-01-03,,,RepShontelBrown,1.4563810915987005e+18,,,RepShontelBrown
Andrew,Clyde,C001116,rep,Republican,GA,2025-01-03,2027-01-03,UC-o-UOnLuu8pZxZpShG4s7A,,Rep_Clyde,1.3570173615686943e+18,repclyde,,RepresentativeClyde
Mike,Carey,C001126,rep,Republican,OH,2025-01-03,2027-01-03,@congressmanmikecarey,,RepMikeCarey,1.457745193197781e+18,,,RepMikeCarey
Troy,Carter,C001125,rep,Democrat,LA,2025-01-03,2027-01-03,,,RepTroyCarter,1.3527603042712412e+18,,,RepTroyCarter
Byron,Donalds,D000032,rep,Republican,FL,2025-01-03,2027-01-03,UCjy0W7sksMz37IYY27tAZNQ,,RepDonaldsPress,1.3439686460502835e+18,byrondonalds,,
Jake,Ellzey,E000071,rep,Republican,TX,2025-01-03,2027-01-03,,,RepEllzey,1.3665238682534584e+18,,,RepJakeEllzey
John,Hickenlooper,H000273,sen,Democrat,CO,2021-01-03,2027-01-03,UCU6pcq-AZA9wnmIPBj6ePwQ,,SenatorHick,1.3187283369237873e+18,senatorhick,,SenatorHick
Darrell,Issa,I000056,rep,Republican,CA,2025-01-03,2027-01-03,,,repdarrellissa,63650107.0,,,congressmandarrellissa
Julia,Letlow,L000595,rep,Republican,LA,2025-01-03,2027-01-03,,,RepJuliaLetlow,1.382395679700439e+18,,,repjulialetlow
Pete,Sessions,S000250,rep,Republican,TX,2025-01-03,2027-01-03,@congressmanpetesessions,,PeteSessions,24735461.0,congressmanpetesessions,,petesessions
Melanie,Stansbury,S001218,rep,Democrat,NM,2025-01-03,2027-01-03,,,Rep_Stansbury,1.4045199925829427e+18,,,RepStansbury
Thomas,Tiffany,T000165,rep,Republican,WI,2025-01-03,2027-01-03,,,RepTiffany,1.2678410663356826e+18,,,RepTiffany
Jefferson,Van Drew,V000133,rep,Republican,NJ,2025-01-03,2027-01-03,UCc5AGO_bQLeiv313Bbr35fg,,Congressman_JVD,1.4686770995946988e+18,jeffvandrew,,CongressmanJVD
David,Valadao,V000129,rep,Republican,CA,2025-01-03,2027-01-03,,,RepDavidValadao,1128514404.0,,,CongressmanDavidValadao
Aaron,Bean,B001314,rep,Republican,FL,2025-01-03,2027-01-03,,,RepAaronBean,1.60492755008136e+18,RepAaronBean,,100089355874563
Nicole (Nikki),Budzinski,B001315,rep,Democrat,IL,2025-01-03,2027-01-03,UCp0Ykb-qUGx3ekTH9MIEK-w,,RepNikkiB,1.6034767139959112e+18,repnikki,,RepNikkiBudzinski
Eric,Burlison,B001316,rep,Republican,MO,2025-01-03,2027-01-03,UCuJFygzYhGiXMZHjhTQy20w,,RepEricBurlison,1.6063425947655905e+18,RepEricBurlison,,100089208900263
Becca,Balint,B001318,rep,Democrat,VT,2025-01-03,2027-01-03,YouTubeChannelID,,RepBeccaB,1.6061151782103654e+18,repbeccab,,repbeccab
Mike,Collins,C001129,rep,Republican,GA,2025-01-03,2027-01-03,,,RepMikeCollins,1.6010307711244083e+18,repmikecollins,,RepMikeCollinsGA
Jasmine,Crockett,C001130,rep,Democrat,TX,2025-01-03,2027-01-03,,,RepJasmine,1.6099744436311572e+18,RepJasmine,,RepJasmine
Gregorio,Casar,C001131,rep,Democrat,TX,2025-01-03,2027-01-03,,,RepCasar,1.499512178013057e+18,RepCasar,,RepCasar
Eli,Crane,C001132,rep,Republican,AZ,2025-01-03,2027-01-03,@rep.elicrane,,RepEliCrane,1.6088912059027948e+18,,,100088851021670
Juan,Ciscomani,C001133,rep,Republican,AZ,2025-01-03,2027-01-03,UCD329AYGX7YnMMSUaTKWHwA,,RepCiscomani,1.6035309705937756e+18,repjuanciscomani,,100089186535085
Chris,Deluzio,D000530,rep,Democrat,PA,2025-01-03,2027-01-03,,,RepDeluzio,1.6089343167799214e+18,RepDeluzio,,RepChrisDeluzio
Mike,Ezell,E000235,rep,Republican,MS,2025-01-03,2027-01-03,UCseRXy2_n4j97lndfkQ_hAw,,RepEzell,1.6027880047493448e+18,repmikeezell,,repezell
Charles (Chuck),Edwards,E000246,rep,Republican,NC,2025-01-03,2027-01-03,,,RepEdwards,1.6027480997928796e+18,repchuckedwards,,RepChuckEdwards
Maxwell,Frost,F000476,rep,Democrat,FL,2025-01-03,2027-01-03,,,RepMaxwellFrost,1.608494113174823e+18,RepMaxwellFrost,,RepMaxwellFrost
Valerie,Foushee,F000477,rep,Democrat,NC,2025-01-03,2027-01-03,@RepValerieFoushee,,ValerieFoushee,1.6114711547320607e+18,repvaleriefoushee,,RepValerieFoushee
Russell,Fry,F000478,rep,Republican,SC,2025-01-03,2027-01-03,@reprussellfry,,RepRussellFry,1.603514304354984e+18,reprussellfry,,reprussellfry
Robert,Garcia,G000598,rep,Democrat,CA,2025-01-03,2027-01-03,,,RepRobertGarcia,1.6027921958780477e+18,RepRobertGarcia,,reprobertgarcia
Dan,Goldman,G000599,rep,Democrat,NY,2025-01-03,2027-01-03,,,RepDanGoldman,1.6100195553713725e+18,repdangoldman,,RepDanGoldman
Marie,Gluesenkamp Perez,G000600,rep,Democrat,WA,2025-01-03,2027-01-03,@repmgp,,RepMGP,1.6031278745124536e+18,repmgp,,RepMGP
Erin,Houchin,H001093,rep,Republican,IN,2025-01-03,2027-01-03,,,RepHouchin,1.6036943487255265e+18,rephouchin,,RepHouchin
Valerie,Hoyle,H001094,rep,Democrat,OR,2025-01-03,2027-01-03,,,repvalhoyle,1.6128651964894126e+18,RepHoyle,,repvalhoyle
Wesley,Hunt,H001095,rep,Republican,TX,2025-01-03,2027-01-03,,,RepWesleyHunt,1.6027510017563116e+18,repwph,,RepWesleyHunt
Glenn,Ivey,I000058,rep,Democrat,MD,2025-01-03,2027-01-03,,,RepGlennIvey,1.6101116938366648e+18,repglennivey,,RepGlennIvey
Thomas,Kean,K000398,rep,Republican,NJ,2025-01-03,2027-01-03,,,CongressmanKean,1.6074227576706417e+18,congressmankean,,CongressmanKean
Kevin,Kiley,K000401,rep,Republican,CA,2025-01-03,2027-01-03,@repkevinkiley,,RepKiley,1.6103569614758093e+18,,,100089382125341
Anna,Luna,L000596,rep,Republican,FL,2025-01-03,2027-01-03,@RepLuna,,RepLuna,1.6102308352899236e+18,repluna,,
Laurel,Lee,L000597,rep,Republican,FL,2025-01-03,2027-01-03,,,RepLaurelLee,1.608230657796227e+18,replaurellee,,RepLaurelLee
Nicolas,LaLota,L000598,rep,Republican,NY,2025-01-03,2027-01-03,,,RepLaLota,1.5885811251774423e+18,replalota,,replalota
Michael,Lawler,L000599,rep,Republican,NY,2025-01-03,2027-01-03,@RepMikeLawler,,RepMikeLawler,1.5903720470158868e+18,RepMikeLawler,,RepMikeLawler
Morgan,Luttrell,L000603,rep,Republican,TX,2025-01-03,2027-01-03,,,RepLuttrell,1.6030280434544476e+18,repluttrelltx,,100089328790942
Jared,Moskowitz,M001217,rep,Democrat,FL,2025-01-03,2027-01-03,@RepMoskowitz,,RepMoskowitz,1.61000902774383e+18,repmoskowitz,,RepMoskowitz
Rich,McCormick,M001218,rep,Republican,GA,2025-01-03,2027-01-03,,,RepMcCormick,1.6106894839297802e+18,reprichmccormick,,100089135203690
Morgan,McGarvey,M001220,rep,Democrat,KY,2025-01-03,2027-01-03,,,RepMcGarvey,1.610300298303787e+18,repmcgarvey,,RepMcGarvey
Kevin,Mullin,M001225,rep,Democrat,CA,2025-01-03,2027-01-03,UCAenuXjUZagZyD4HQL7_2ZA,,RepKevinMullin,1.610411994888409e+18,repkevinmullin,,CongressmanKevinMullin
Robert,Menendez,M001226,rep,Democrat,NJ,2025-01-03,2027-01-03,,,RepMenendez,1.603468242852397e+18,repmenendez,,repmenendez
Zachary (Zach),Nunn,N000193,rep,Republican,IA,2025-01-03,2027-01-03,UCHcM0qd2GQ2CbOHSGZ06rrA,,ZachNunn,1.610323831809364e+18,repzachnunn,,RepZachNunn
Patrick,Ryan,R000579,rep,Democrat,NY,2025-01-03,2027-01-03,,,RepPatRyanNY,1.5694008491300495e+18,,,
Emilia,Sykes,S001223,rep,Democrat,OH,2025-01-03,2027-01-03,@repemiliasykes,,RepEmiliaSykes,1.6115278357425193e+18,RepEmiliaSykes,,repemiliasykes
Eric,Sorensen,S001225,rep,Democrat,IL,2025-01-03,2027-01-03,,,RepEricSorensen,1.6114417947046748e+18,repericsorensen,,
Jill,Tokuda,T000487,rep,Democrat,HI,2025-01-03,2027-01-03,UCBXwZrEZWQiSXebInVuYuvw,,RepJillTokuda,1.6107304775638057e+18,repjilltokuda,,RepJillTokuda
Shri,Thanedar,T000488,rep,Democrat,MI,2025-01-03,2027-01-03,,,RepShriThanedar,1.6107192752658022e+18,RepShriThanedar,,CongressmanShriThanedar
Derrick,Van Orden,V000135,rep,Republican,WI,2025-01-03,2027-01-03,,,RepVanOrden,1.5987780144012698e+18,RepVanOrden,,RepVanOrden
Rudy,Yakym,Y000067,rep,Republican,IN,2025-01-03,2027-01-03,,,RepRudyYakym,1.6056656328586076e+18,,,RepRudyYakym
Mike,Flood,F000474,rep,Republican,NE,2025-01-03,2027-01-03,,,USRepMikeFlood,,,,Congressman-Mike-Flood-101986952582058
Brad,Finstad,F000475,rep,Republican,MN,2025-01-03,2027-01-03,@repfinstad,,RepFinstad,,repfinstad,,RepFinstad
Ryan,Zinke,Z000018,rep,Republican,MT,2025-01-03,2027-01-03,,,RepRyanZinke,,RepRyanZinke,,RepRyanZinke
Katie,Britt,B001319,sen,Republican,AL,2023-01-03,2029-01-03,UCbrYQF8n5ftTPqn8ZNo5vYw,,SenKatieBritt,,senkatiebritt,,senkatiebritt
Eric,Schmitt,S001227,sen,Republican,MO,2023-01-03,2029-01-03,@senericschmitt,,SenEricSchmitt,,senericschmitt,,116059838031776
Dale,Strong,S001220,rep,Republican,AL,2025-01-03,2027-01-03,,,RepDaleStrong,,repdalestrong,,repdalestrong
Sydney,Kamlager-Dove,K000400,rep,Democrat,CA,2025-01-03,2027-01-03,,,RepKamlagerDove,,rep_kamlagerdove,,RepKamlagerDove
Brittany,Pettersen,P000620,rep,Democrat,CO,2025-01-03,2027-01-03,,,reppettersen,,reppettersen,,repbrittanypettersen
Cory,Mills,M001216,rep,Republican,FL,2025-01-03,2027-01-03,,,RepMillsPress,,repcorymills,,100089218152197
James (Jim),Moylan,M001219,rep,Republican,GU,2025-01-03,2027-01-03,,,JMoylanforGuam,,repjamesmoylan,,100089324793869
Delia,Ramirez,R000617,rep,Democrat,IL,2025-01-03,2027-01-03,,,repdeliaramirez,,repdeliaramirez,,Repdeliaramirez
Hillary,Scholten,S001221,rep,Democrat,MI,2025-01-03,2027-01-03,,,RepScholten,,RepScholten,,100089476625799
John,James,J000307,rep,Republican,MI,2025-01-03,2027-01-03,@RepJohnJames,,RepJames,,RepJohnJames,,RepJohnJames
Mark,Alford,A000379,rep,Republican,MO,2025-01-03,2027-01-03,@RepAlford,,RepMarkAlford,,RepMarkAlford,,100089595940547
Donald,Davis,D000230,rep,Democrat,NC,2025-01-03,2027-01-03,,,RepDonDavis,,RepDonDavis,,RepDonDavis
Gabriel (Gabe),Vasquez,V000136,rep,Democrat,NM,2025-01-03,2027-01-03,,,RepGabeVasquez,,RepGabeVasquez,,100089328694464
Nicholas,Langworthy,L000600,rep,Republican,NY,2025-01-03,2027-01-03,,,RepLangworthy,,replangworthy,,RepLangworthy
Greg,Landsman,L000601,rep,Democrat,OH,2025-01-03,2027-01-03,,,repgreglandsman,,repgreglandsman,,RepGregLandsman
Max,Miller,M001222,rep,Republican,OH,2025-01-03,2027-01-03,@RepMaxMiller,,repmaxmiller,,repmaxmiller,,CongressmanMaxMiller
Josh,Brecheen,B001317,rep,Republican,OK,2025-01-03,2027-01-03,UCSX3nV53o-1-e0nFA6pPs2w,,repbrecheen,,repbrecheen,,100089040632497
Andrea,Salinas,S001226,rep,Democrat,OR,2025-01-03,2027-01-03,,,repsalinas,,repsalinas,,RepSalinas
Summer,Lee,L000602,rep,Democrat,PA,2025-01-03,2027-01-03,UCqQJ44qlkVxWV5N12YeacyA,,RepSummerLee,,repsummerlee,,RepSummerLee
Seth,Magaziner,M001223,rep,Democrat,RI,2025-01-03,2027-01-03,,,Rep_Magaziner,,,,repsethmagaziner
Andrew,Ogles,O000175,rep,Republican,TN,2025-01-03,2027-01-03,,,repogles,,repandyogles,,RepAndyOgles
Nathaniel,Moran,M001224,rep,Republican,TX,2025-01-03,2027-01-03,@RepNateMoran,,RepNateMoran,,RepNateMoran,,RepNateMoran
Keith,Self,S001224,rep,Republican,TX,2025-01-03,2027-01-03,,,repkeithself,,repkeithself,,repkeithself
Mónica,De La Cruz,D000594,rep,Republican,TX,2025-01-03,2027-01-03,@RepMonicaDLC,,RepMonicaDLC,,RepMonicaDLC,,RepMonicaDLC
Jennifer,Kiggans,K000399,rep,Republican,VA,2025-01-03,2027-01-03,@repjenkiggans,,RepJenKiggans,,repjenkiggans,,repjenkiggans
Harriet,Hageman,H001096,rep,Republican,WY,2025-01-03,2027-01-03,@rephageman,,RepHageman,,,,
Pete,Ricketts,R000618,sen,Republican,NE,2024-11-05,2027-01-03,@SenatorRicketts,,SenatorRicketts,,SenatorRicketts,,SenatorRicketts
Jennifer,McClellan,M001227,rep,Democrat,VA,2025-01-03,2027-01-03,,,RepMcClellan,,repmcclellan,,
Gabe,Amo,A000380,rep,Democrat,RI,2025-01-03,2027-01-03,,,RepGabeAmo,,repgabeamo,,61553581414066
Celeste,Maloy,M001228,rep,Republican,UT,2025-01-03,2027-01-03,@RepCelesteMaloy,,RepMaloyUtah,,RepCelesteMaloy,,61555755717517
Thomas,Suozzi,S001201,rep,Democrat,NY,2025-01-03,2027-01-03,,,reptomsuozzi,,,,RepTomSuozzi
Timothy,Kennedy,K000402,rep,Democrat,NY,2025-01-03,2027-01-03,@reptimkennedy,,reptimkennedy,,reptimkennedy,,reptimkennedy
Vince,Fong,F000480,rep,Republican,CA,2025-01-03,2027-01-03,,,RepVinceFong,,repvincefong,,
LaMonica,McIver,M001229,rep,Democrat,NJ,2025-01-03,2027-01-03,,,RepLaMonica,,replamonica,,RepLaMonica
Tony,Wied,W000829,rep,Republican,WI,2025-01-03,2027-01-03,,,RepTonyWied,,reptonywied,,61568624194199
Cleo,Fields,F000110,rep,Democrat,LA,2025-01-03,2027-01-03,,,repfields,,repcleofields_,,Congressman-Cleo-Fields
Marlin,Stutzman,S001188,rep,Republican,IN,2025-01-03,2027-01-03,,,RepStutzman,,repstutzman,,repstutzman
Bernie,Moreno,M001242,sen,Republican,OH,2025-01-03,2031-01-03,,,berniemoreno,,Berniemorenoforohio,,
Nicholas,Begich,B001323,rep,Republican,AK,2025-01-03,2027-01-03,,,repnickbegich,,RepNickBegich,,RepNickBegich
Shomari,Figures,F000481,rep,Democrat,AL,2025-01-03,2027-01-03,,,repscfigures,,repscfigures,,congressman.shomari.figures
Yassamin,Ansari,A000381,rep,Democrat,AZ,2025-01-03,2027-01-03,,,RepYassAnsari,,RepYassAnsari,,RepYassAnsari
Lateefah,Simon,S001231,rep,Democrat,CA,2025-01-03,2027-01-03,,,RepLSimon,,RepLSimon,,RepLSimon
Adam,Gray,G000605,rep,Democrat,CA,2025-01-03,2027-01-03,,,RepAdamGrayCA,,repadamgrayca,,repadamgrayca
Sam,Liccardo,L000607,rep,Democrat,CA,2025-01-03,2027-01-03,,,repliccardo,,repliccardo,,
George,Whitesides,W000830,rep,Democrat,CA,2025-01-03,2027-01-03,,,Rep_Whitesides,,repwhitesides,,repwhitesides
Luz,Rivas,R000620,rep,Democrat,CA,2025-01-03,2027-01-03,,,RepLuzRivas,,RepLuzRivas,,congresswomanluzrivas
Laura,Friedman,F000483,rep,Democrat,CA,2025-01-03,2027-01-03,,,RepFriedmanCA,,RepLauraFriedman,,RepLauraFriedman
Jeff,Hurd,H001100,rep,Republican,CO,2025-01-03,2027-01-03,@RepJeffHurd03,,RepJeffHurd,,repjeffhurd,,61571570223582
Jeff,Crank,C001137,rep,Republican,CO,2025-01-03,2027-01-03,,,RepJeffCrank,,repjeffcrank,,RepJeffCrank
Gabe,Evans,E000300,rep,Republican,CO,2025-01-03,2027-01-03,,,repgabeevans,,RepGabeEvans,,RepGabeEvans
Mike,Haridopolos,H001099,rep,Republican,FL,2025-01-03,2027-01-03,,,repharidopolos,,,,
Brian,Jack,J000311,rep,Republican,GA,2025-01-03,2027-01-03,,,RepBrianJack,,repbrianjack,,RepBrianJack
Jefferson,Shreve,S001229,rep,Republican,IN,2025-01-03,2027-01-03,,,repshreve,,repshreve,,RepJeffersonShreve
Derek,Schmidt,S001228,rep,Republican,KS,2025-01-03,2027-01-03,,,repderekschmidt,,repderekschmidt,,repderekschmidt
Johnny,Olszewski,O000176,rep,Democrat,MD,2025-01-03,2027-01-03,,,RepJohnnyO,,repjohnnyo,,
Sarah,Elfreth,E000301,rep,Democrat,MD,2025-01-03,2027-01-03,,,repsarahelfreth,,RepSarahElfreth,,RepSarahElfreth
April,McClain Delaney,M001232,rep,Democrat,MD,2025-01-03,2027-01-03,,,RepAprilDelaney,,repaprildelaney,,RepAprilDelaney
Tom,Barrett,B001321,rep,Republican,MI,2025-01-03,2027-01-03,,,reptombarrett,,,,RepTomBarrett
Kristen,McDonald Rivet,M001237,rep,Democrat,MI,2025-01-03,2027-01-03,,,repkmr,,repmcdonaldrivet,,repmcdonaldrivet
Kelly,Morrison,M001234,rep,Democrat,MN,2025-01-03,2027-01-03,,,kellymorrisonmn,,kellymorrisonmn,,repkellymorrison
Wesley,Bell,B001324,rep,Democrat,MO,2025-01-03,2027-01-03,,,RepWesleyBellMO,,,,61571538239904
Robert,Onder,O000177,rep,Republican,MO,2025-01-03,2027-01-03,,,RepBobOnder,,repbobonder,,RepBobOnder
Kimberlyn,King-Hinds,K000404,rep,Republican,MP,2025-01-03,2027-01-03,,,RepKimKingHinds,,RepKimKingHinds,,61571529818077
Troy,Downing,D000634,rep,Republican,MT,2025-01-03,2027-01-03,,,reptroydowning,,reptroydowning,,reptroydowning
Addison,McDowell,M001240,rep,Republican,NC,2025-01-03,2027-01-03,,,RepMcDowell,,repmcdowell,,RepMcDowell
Mark,Harris,H001102,rep,Republican,NC,2025-01-03,2027-01-03,,,RepMarkHarrisNC,,repmarkharris,,RepMarkHarris
Pat,Harrigan,H001101,rep,Republican,NC,2025-01-03,2027-01-03,,,RepPatHarrigan,,RepPatHarrigan,,RepPatHarrigan
Brad,Knott,K000405,rep,Republican,NC,2025-01-03,2027-01-03,,,RepKnott,,repknott,,61571474013264
Tim,Moore,M001236,rep,Republican,NC,2025-01-03,2027-01-03,,,RepTimMooreNC,,reptimmoore,,CongressmanTimMoore
Julie,Fedorchak,F000482,rep,Republican,ND,2025-01-03,2027-01-03,,,RepFedorchak,,RepJulieFedorchak,,RepJulieFedorchak
Maggie,Goodlander,G000604,rep,Democrat,NH,2025-01-03,2027-01-03,,,RepGoodlander,,repgoodlander,,61571606604866
Herbert,Conaway,C001136,rep,Democrat,NJ,2025-01-03,2027-01-03,,,RepHerbConaway,,,,
Nellie,Pou,P000621,rep,Democrat,NJ,2025-01-03,2027-01-03,,,caohouse,,housecreativeservices,,CAOHouseofReps
Laura,Gillen,G000602,rep,Democrat,NY,2025-01-03,2027-01-03,,,RepLauraGillen,,replauragillen,,replauragillen
George,Latimer,L000606,rep,Democrat,NY,2025-01-03,2027-01-03,,,RepGLatimer,,repglatimer,,61571201977917
John,Mannion,M001231,rep,Democrat,NY,2025-01-03,2027-01-03,,,JohnMannionNY22,,congressmannion,,CongressmanJohnMannion
David,Taylor,T000490,rep,Republican,OH,2025-01-03,2027-01-03,,,RepDaveTaylor,,repdavetaylor,,61571224837800
Maxine,Dexter,D000635,rep,Democrat,OR,2025-01-03,2027-01-03,,,RepDexterOR,,repdexteror,,RepDexterOR
Janelle,Bynum,B001326,rep,Democrat,OR,2025-01-03,2027-01-03,,,RepBynum,,repbynum,,repbynum
Ryan,Mackenzie,M001230,rep,Republican,PA,2025-01-03,2027-01-03,,,RepMackenzie,,RepMackenzie,,repmackenzie
Robert,Bresnahan,B001327,rep,Republican,PA,2025-01-03,2027-01-03,,,RepBresnahan,,RepBresnahan,,RepBresnahan
Pablo José,Hernández Rivera,H001103,rep,Democrat,PR,2025-01-03,2027-01-03,,,reppablojose,,reppablojose,,61569891687422
Sheri,Biggs,B001325,rep,Republican,SC,2025-01-03,2027-01-03,,,repsheribiggs,,RepSheriBiggs,,RepSheriBiggs
Craig,Goldman,G000601,rep,Republican,TX,2025-01-03,2027-01-03,,,RepCraigGoldman,,repcraiggoldman,,61571449239416
Brandon,Gill,G000603,rep,Republican,TX,2025-01-03,2027-01-03,,,repbrandongill,,repbrandongill,,RepBrandonGill
Julie,Johnson,J000310,rep,Democrat,TX,2025-01-03,2027-01-03,,,RepJulieJohnson,,repjuliejohnson,,61569064997067
Mike,Kennedy,K000403,rep,Republican,UT,2025-01-03,2027-01-03,,,repmikekennedy,,repmikekennedy,,RepMikeKennedy
John,McGuire,M001239,rep,Republican,VA,2025-01-03,2027-01-03,,,RepJohnMcGuire,,repjohnmcguire,,RepJohnMcGuire
Eugene,Vindman,V000138,rep,Democrat,VA,2025-01-03,2027-01-03,,,RepVindman,,repvindman,,CongressmanEugeneVindman
Suhas,Subramanyam,S001230,rep,Democrat,VA,2025-01-03,2027-01-03,,,RepSuhas,,repsuhas,,RepSuhasSubramanyam
Michael,Baumgartner,B001322,rep,Republican,WA,2025-01-03,2027-01-03,,,repbaumgartner,,repbaumgartner,,RepBaumgartner
Riley,Moore,M001235,rep,Republican,WV,2025-01-03,2027-01-03,,,RepRileyMoore,,reprileymoore,,
Adam,Schiff,S001150,sen,Democrat,CA,2025-01-03,2031-01-03,adamschiff,,,,SenAdamSchiff,,SenAdamSchiff
Andy,Kim,K000394,sen,Democrat,NJ,2025-01-03,2031-01-03,,,,,SenatorAndyKim,,SenatorAndyKim
Sheila,Cherfilus-McCormick,C001127,rep,Democrat,FL,2025-01-03,2027-01-03,,,,,,,congresswomanSCM
John,Fetterman,F000479,sen,Democrat,PA,2023-01-03,2029-01-03,,,,,senfettermanpa,,SenFettermanPA
Jonathan,Jackson,J000309,rep,Democrat,IL,2025-01-03,2027-01-03,,,,,repjackson,,repjackson
Gilbert,Cisneros,C001123,rep,Democrat,CA,2025-01-03,2027-01-03,,,,,repgilcisneros,,RepGilCisneros
Angela,Alsobrooks,A000382,sen,Democrat,MD,2025-01-03,2031-01-03,,,,,sen_alsobrooks,,SenatorAlsobrooks
Dave,McCormick,M001243,sen,Republican,PA,2025-01-03,2031-01-03,@SenMcCormickPA,,,,senmccormickpa,,SenMcCormickPA
Sarah,McBride,M001238,rep,Democrat,DE,2025-01-03,2027-01-03,,,,,congresswomansarahmcbride,,CongresswomanSarahMcBride
Mark,Messmer,M001233,rep,Republican,IN,2025-01-03,2027-01-03,,,,,HouseRepublicans,,CongressmanMessmer
Josh,Riley,R000622,rep,Democrat,NY,2025-01-03,2027-01-03,,,,,RepRileyNY,,RepRileyNY
Jim,Justice,J000312,sen,Republican,WV,2025-01-14,2031-01-03,,,,,senjimjustice,,100044187231175
Lance,Gooden,G000589,rep,Republican,TX,2025-01-03,2027-01-03,UCaEs0pYlL_1cLlPBHfl0RIg,,,,,,
