first,last,id.bioguide,current_type,current_party,current_state,term_start,term_end,social.youtube,social.youtube_id,social.twitter,social.twitter_id,social.instagram,social.instagram_id,social.facebook
Aumua Amata,Radewagen,R000600,rep,Republican,AS,2025-01-03,2027-01-03,,UCGdrLQbt1PYDTPsampx4t1A,RepAmata,3026622545,,,aumuaamata
Todd,Young,Y000064,sen,Republican,IN,2023-01-03,2029-01-03,RepToddYoung,UCuknj4PGn91gHDNAfboZEgQ,SenToddYoung,234128524,sentoddyoung,,SenatorToddYoung
Joni,Ernst,E000295,sen,Republican,IA,2021-01-03,2027-01-03,,UCLwrmtF_84FIcK3TyMs4MIw,SenJoniErnst,2856787757,senjoniernst,1582702853,senjoniernst
Thom,Tillis,T000476,sen,Republican,NC,2021-01-03,2027-01-03,,UCUD9VGV4SSGWjGdbn37Ea2w,SenThomTillis,2964174789,senthomtillis,,SenatorThomTillis
Steve,Womack,W000809,rep,Republican,AR,2025-01-03,2027-01-03,CongressmanWomack,UCXJbUDLYX-wGIhRuN66hqZw,Rep_SteveWomack,234469322,rep_stevewomack,,RepSteveWomack
Frederica,Wilson,W000808,rep,Democrat,FL,2025-01-03,2027-01-03,repfredericawilson,UCP5QBhng_lHv-vJgE_h7lpA,RepWilson,234014087,repwilson,,RepWilson
Daniel,Webster,W000806,rep,Republican,FL,2025-01-03,2027-01-03,repdanwebster,UCCoX4VdU7U11eGEA0lbRtLw,RepWebster,281540744,,,RepWebster
Mark,Warner,W000805,sen,Democrat,VA,2021-01-03,2027-01-03,SenatorMarkWarner,UCwyivNlEGf4sGd1oDLfY5jw,MarkWarner,7429102,senatorwarner,515327940,MarkRWarner
Robert,Wittman,W000804,rep,Republican,VA,2025-01-03,2027-01-03,RobWittman,UCIqIb-OaTbkIdU426eYIdPg,RobWittman,15356407,reprobwittman,,RepRobWittman
Sheldon,Whitehouse,W000802,sen,Democrat,RI,2025-01-03,2031-01-03,SenatorWhitehouse,UCnG0N70SNBkNqvIMLodPTIA,SenWhitehouse,242555999,SenWhitehouse,,SenatorWhitehouse
Peter,Welch,W000800,sen,Democrat,VT,2023-01-03,2029-01-03,reppeterwelch,UC0YfApJx6qNaAQ-ir93U8xA,PeterWelch,1410590874,reppeterwelch,1559860900,PeterWelch
Tim,Walberg,W000798,rep,Republican,MI,2025-01-03,2027-01-03,RepWalberg,UChpf3_3Wn8f3qSJbsYXrhvg,RepWalberg,237862972,repwalberg,,RepWalberg
Debbie,Wasserman Schultz,W000797,rep,Democrat,FL,2025-01-03,2027-01-03,RepWassermanSchultz,UCfHQiJVvMlYbVAxrMSLdO4w,RepDWStweets,1140648348,RepDWSTweets,,RepDWS
Joe,Wilson,W000795,rep,Republican,SC,2025-01-03,2027-01-03,RepJoeWilson,UC3aR1B8m7Z1uycO65yDnpCg,RepJoeWilson,254082173,repjoewilson,519685522,JoeWilson
Ron,Wyden,W000779,sen,Democrat,OR,2023-01-03,2029-01-03,senronwyden,UCsd3UEaoLoqX60P88BdpGGw,RonWyden,250188760,ronwyden,9443881,senatorronwyden
Roger,Wicker,W000437,sen,Republican,MS,2025-01-03,2031-01-03,SenatorWicker,UCIlKHiTjSkcQP_knBcXHWSg,SenatorWicker,264219447,senatorwicker,367948073,SenatorWicker
Maxine,Waters,W000187,rep,Democrat,CA,2025-01-03,2027-01-03,MaxineWaters,UCOQ2js1VYFlo74n7Ns8WsLQ,RepMaxineWaters,36686040,repmaxinewaters,,MaxineWaters
Chris,Van Hollen,V000128,sen,Democrat,MD,2023-01-03,2029-01-03,RepChrisVanHollen,UCkpfJWu1N9Okd6PE_NidtBQ,ChrisVanHollen,18137749,chrisvanhollen,268595235,chrisvanhollen
Nydia,Velázquez,V000081,rep,Democrat,NY,2025-01-03,2027-01-03,nydiavelazquez,UCqMKPkKeeHFOOiZ9vxhXGVg,NydiaVelazquez,164369297,,,8037068318
Paul,Tonko,T000469,rep,Democrat,NY,2025-01-03,2027-01-03,reppaultonko,UC3P2SGFmmuCYRsjeso0hOQQ,RepPaulTonko,84119348,reppaultonko,,reppaultonko
Dina,Titus,T000468,rep,Democrat,NV,2025-01-03,2027-01-03,CongresswomanTitus,UC_US4jNqECuMSNrB7yVCbbw,RepDinaTitus,122174004,dinatitusnv,1110185253,CongresswomanTitus
Glenn,Thompson,T000467,rep,Republican,PA,2025-01-03,2027-01-03,CongressmanGT,UCNWX7lbWWvnNdzVMFI9DRiQ,CongressmanGT,18967498,congressman_gt,,CongressmanGT
Michael,Turner,T000463,rep,Republican,OH,2025-01-03,2027-01-03,CongressmanTurner,UC-6Ss-aZ3OPisf9GdVGtN8g,RepMikeTurner,51228911,repmiketurner,,RepMikeTurner
Mike,Thompson,T000460,rep,Democrat,CA,2025-01-03,2027-01-03,CongressmanMThompson,UC6pGbtqHZYZmScFGSz5bbdg,RepThompson,303861808,,,RepMikeThompson
John,Thune,T000250,sen,Republican,SD,2023-01-03,2029-01-03,johnthune,UCRu6lpRfxhkDGUrKDgQNZYQ,SenJohnThune,296361085,senjohnthune,,LeaderJohnThune
Bennie,Thompson,T000193,rep,Democrat,MS,2025-01-03,2027-01-03,RepBennieThompson,UCzt2pBxh0dI24kYrWretXRw,BennieGThompson,82453460,benniegthompson,347410575,CongressmanBennieGThompson
Austin,Scott,S001189,rep,Republican,GA,2025-01-03,2027-01-03,RepAustinScott,UC5M7eKHKQStktMyjieiHYZQ,AustinScottGA08,234797704,,,RepAustinScott
Terri,Sewell,S001185,rep,Democrat,AL,2025-01-03,2027-01-03,RepSewell,UCHkEHtfrfUWOFtbUFQTQH7Q,RepTerriSewell,381152398,repterriasewell,,RepSewell
Tim,Scott,S001184,sen,Republican,SC,2023-01-03,2029-01-03,SenatorTimScott,UCSfAsbG80CNInSKrtpKoL-w,SenatorTimScott,217543151,SenatorTimScott,,SenatorTimScott
David,Schweikert,S001183,rep,Republican,AZ,2025-01-03,2027-01-03,RepDavidSchweikert,UCVvuNVzkOUp7p_Pzkc6Zuvw,RepDavid,229197216,repdavid,181147397,repdavidschweikert
Jeanne,Shaheen,S001181,sen,Democrat,NH,2021-01-03,2027-01-03,senatorshaheen,UCjLZAZMbDrybHyttdEC9LFA,SenatorShaheen,109287731,senatorshaheen,,SenatorShaheen
Steve,Scalise,S001176,rep,Republican,LA,2025-01-03,2027-01-03,RepSteveScalise,UCmYveHBVXVBRxl7GiCL-gjw,SteveScalise,1209417007,stevescalise,1210937919,RepSteveScalise
Adrian,Smith,S001172,rep,Republican,NE,2025-01-03,2027-01-03,RepAdrianSmith,UCIgn2z-hwxx_aeggnyhv54Q,RepAdrianSmith,296245061,RepAdrianSmith,,repadriansmith
David,Scott,S001157,rep,Democrat,GA,2025-01-03,2027-01-03,RepDavidScott,UCgf28zRkLSqAUiPuJhGdF0w,RepDavidScott,168673083,RepDavidScott,,113303673339
Linda,Sánchez,S001156,rep,Democrat,CA,2025-01-03,2027-01-03,LindaTSanchez,UCu1K6uHxjMgj2mvzM7O9-ow,RepLindaSanchez,312134473,replindasanchez,,CongresswomanLindaSanchez
Michael,Simpson,S001148,rep,Republican,ID,2025-01-03,2027-01-03,CongMikeSimpson,UCNXe0rJJeULTAP_7oyQNw8g,CongMikeSimpson,76132891,congressmanmikesimpson,,96007744606
Janice,Schakowsky,S001145,rep,Democrat,IL,2025-01-03,2027-01-03,repschakowsky,UCuCHHPSENUEaaeH8n_CYDXQ,JanSchakowsky,24195214,JanSchakowsky,,janschakowsky
Rick,Scott,S001217,sen,Republican,FL,2025-01-03,2031-01-03,,UC-Y9pFmW4PYGZHkC8lcqSkQ,SenRickScott,131546062,flsenrickscott,,RickScottSenOffice
Adam,Smith,S000510,rep,Democrat,WA,2025-01-03,2027-01-03,CongressmanAdamSmith,UCcrHso483LOfC6WwDnzAh-g,RepAdamSmith,58928690,repadamsmith,,RepAdamSmith
Brad,Sherman,S000344,rep,Democrat,CA,2025-01-03,2027-01-03,shermanca27,UCPisrz6-SLwVy2l9Mcy8kug,BradSherman,30216513,congressmansherman,,63158229861
Robert,Scott,S000185,rep,Democrat,VA,2025-01-03,2027-01-03,repbobbyscott,UCdNNcpw8arCsUp55JwK_QAA,BobbyScott,161791703,repbobbyscott,1173348983,RepBobbyScott
Charles,Schumer,S000148,sen,Democrat,NY,2023-01-03,2029-01-03,SenatorSchumer,UC-ABttxh8uQv_10qmwGaidw,SenSchumer,17494010,senschumer,,senschumer
Bernard,Sanders,S000033,sen,Independent,VT,2025-01-03,2031-01-03,senatorsanders,UCD_DaKNac0Ta-2PeHuoQ1uA,SenSanders,29442313,,,senatorsanders
Mike,Rogers,R000575,rep,Republican,AL,2025-01-03,2027-01-03,MikeRogersAL03,UCH-WUWuY0_dlKwJDSqKTJsg,RepMikeRogersAL,33977070,repmikerogersal,259435765,CongressmanMikeDRogers
Harold,Rogers,R000395,rep,Republican,KY,2025-01-03,2027-01-03,RepHalRogers,UChVFKLZkRoHQDhp4zNvEezQ,RepHalRogers,550401754,rephalrogers,,CongressmanHalRogers
John,Reed,R000122,sen,Democrat,RI,2021-01-03,2027-01-03,SenatorReed,UCT_aFVtsjxPwWKfO-PW_hPw,SenJackReed,486694111,,,SenJackReed
Mike,Quigley,Q000023,rep,Democrat,IL,2025-01-03,2027-01-03,RepMikeQuigley,UCDP13XegdoZ4bxYHxM34yAA,RepMikeQuigley,56864092,repmikequigley,1403659583,repmikequigley
Rand,Paul,P000603,sen,Republican,KY,2023-01-03,2029-01-03,SenatorRandPaul,UCeM9I-20oWUs8daIIpsNHoQ,SenRandPaul,1.30E+18,senatorrandpaul,541357095,SenatorRandPaul
Chellie,Pingree,P000597,rep,Democrat,ME,2025-01-03,2027-01-03,congresswomanpingree,UCLKaWFM7I84WcreDRhhhkVg,ChelliePingree,14984637,chelliepingree,,ChelliePingree
Gary,Peters,P000595,sen,Democrat,MI,2021-01-03,2027-01-03,RepGaryPeters,UC7LYNbnKSK2VZqQ98YROWHQ,SenGaryPeters,236511574,sengarypeters,1640246681,SenGaryPeters
Nancy,Pelosi,P000197,rep,Democrat,CA,2025-01-03,2027-01-03,nancypelosi,UCxPeEcH0xaCK9nBK98EFhDg,SpeakerPelosi,15764644,,,NancyPelosi
Frank,Pallone,P000034,rep,Democrat,NJ,2025-01-03,2027-01-03,repfrankpallone,UCN0_wn9hs1LI3UKkji2PP2A,FrankPallone,31801993,repfrankpallone,,repfrankpallone
Eleanor,Norton,N000147,rep,Democrat,DC,2025-01-03,2027-01-03,EleanorHNorton,UChRrAXUGylfxJjbquC6aUjQ,EleanorNorton,23600262,congresswomannorton,,CongresswomanNorton
Richard,Neal,N000015,rep,Democrat,MA,2025-01-03,2027-01-03,RepRichardENeal,UCZVtTydu0-MSK6G12GaKA4g,RepRichardNeal,442824717,,,reprichardneal
Jerrold,Nadler,N000002,rep,Democrat,NY,2025-01-03,2027-01-03,congressmannadler,UCQKj0qU1e7o2f5ftSh-c9aQ,RepJerryNadler,40302336,,,CongressmanNadler
Tom,McClintock,M001177,rep,Republican,CA,2025-01-03,2027-01-03,McClintockCA04,UCMh04KC4LfIzKoXh2Xws_pw,RepMcClintock,50152441,repmcclintock,,81125319109
Jeff,Merkley,M001176,sen,Democrat,OR,2021-01-03,2027-01-03,SenatorJeffMerkley,UCRoXttCJhMnLVCxCaa6VnNQ,SenJeffMerkley,29201047,senjeffmerkley,501463589,jeffmerkley
Doris,Matsui,M001163,rep,Democrat,CA,2025-01-03,2027-01-03,RepDorisMatsui,UCSqqxVkvskHq3cY2MCbTZsw,DorisMatsui,38254095,repdorismatsui,,doris.matsui
Gwen,Moore,M001160,rep,Democrat,WI,2025-01-03,2027-01-03,RepGwenMoore,UCCs9o1XaSsCsqNpO0iO0_Ew,RepGwenMoore,22669526,RepGwenMoore,,GwenSMoore
Michael,McCaul,M001157,rep,Republican,TX,2025-01-03,2027-01-03,MichaelTMcCaul,UCRw6sGE0PH7_FCeTT3PQRaA,RepMcCaul,26424123,congressman_mccaul,,michaeltmccaul
Lisa,Murkowski,M001153,sen,Republican,AK,2023-01-03,2029-01-03,senatormurkowski,UCaigku16AErqvD0wRuwGb9A,LisaMurkowski,18061669,senlisamurkowski,,SenLisaMurkowski
Betty,McCollum,M001143,rep,Democrat,MN,2025-01-03,2027-01-03,BMcCollum04,UC3sZJSdiZo2EBHbsOlsnI7A,BettyMcCollum04,516880804,repbettymccollum,,repbettymccollum
Gregory,Meeks,M001137,rep,Democrat,NY,2025-01-03,2027-01-03,gwmeeks,UCljJnwgQS6Z6-NypDyqKJZQ,RepGregoryMeeks,22812754,repgregorymeeks,,gregorymeeksny05
Patty,Murray,M001111,sen,Democrat,WA,2023-01-03,2029-01-03,SenatorPattyMurray,UCb8jq3TvQ3AzKsexhWfFLoA,PattyMurray,293131808,senpattymurray,426137845,
Jerry,Moran,M000934,sen,Republican,KS,2023-01-03,2029-01-03,senatorjerrymoran,UC1oRxeUPam6-53wPBZ3N02A,JerryMoran,18632666,senjerrymoran,298271065,jerrymoran
Mitch,McConnell,M000355,sen,Republican,KY,2021-01-03,2027-01-03,,,McConnellPress,339822881,mcconnellpress,,mitchmcconnell
James,McGovern,M000312,rep,Democrat,MA,2025-01-03,2027-01-03,repjimmcgovern,UCpiUqp2ZF64tXqgR_EQo27g,RepMcGovern,242426145,repmcgovern,,RepJimMcGovern
Edward,Markey,M000133,sen,Democrat,MA,2021-01-03,2027-01-03,RepMarkey,UCT1ujew5yQy2uMhGrjiKHoA,SenMarkey,21406834,senmarkeymemes,,EdJMarkey
Mike,Lee,L000577,sen,Republican,UT,2023-01-03,2029-01-03,senatormikelee,UCplVxs_j_sLAt0fkplXcl4A,SenMikeLee,88784440,senmikelee,391361701,senatormikelee
James,Lankford,L000575,sen,Republican,OK,2023-01-03,2029-01-03,SenatorLankford,UCz8T6sK5fEycyWmVz6Vpe5Q,SenatorLankford,225921757,senatorlankford,1552251018,SenatorLankford
Ben,Luján,L000570,sen,Democrat,NM,2021-01-03,2027-01-03,,,SenatorLujan,19318314,senatorlujan,,SenatorLujan
Robert,Latta,L000566,rep,Republican,OH,2025-01-03,2027-01-03,CongressmanBobLatta,UCVSBVHoWu-eWnBBQaMKZ_sQ,BobLatta,15394954,boblatta,26367713,boblatta
Stephen,Lynch,L000562,rep,Democrat,MA,2025-01-03,2027-01-03,RepLynch,UCxL4zG0YWqC5XTO4af_FOgw,RepStephenLynch,310310133,repstephenlynch,,repstephenlynch
Rick,Larsen,L000560,rep,Democrat,WA,2025-01-03,2027-01-03,congressmanlarsen,UCMv7LsJtiyO4AJcbRux5CxQ,RepRickLarsen,404132211,repricklarsen,,RepRickLarsen
John,Larson,L000557,rep,Democrat,CT,2025-01-03,2027-01-03,RepJohnLarson,UCGPsvFF-9WfpdRSCcCrPLiQ,RepJohnLarson,50452197,RepJohnBLarson,,RepJohnLarson
Frank,Lucas,L000491,rep,Republican,OK,2025-01-03,2027-01-03,RepFrankLucas,UCdYZbKY8pkWAThqwC3fdVMg,RepFrankLucas,242772524,repfranklucas,,RepFrankLucas
Zoe,Lofgren,L000397,rep,Democrat,CA,2025-01-03,2027-01-03,RepZoeLofgren,UCOaQ79adORFcaTuJZoIFuZQ,RepZoeLofgren,267938462,,,zoelofgren
Mike,Kelly,K000376,rep,Republican,PA,2025-01-03,2027-01-03,repmikekelly,UCoz6u3ooQxoijsWvhoQ0D-A,MikeKellyPA,935368364,,,191056827594903
William,Keating,K000375,rep,Democrat,MA,2025-01-03,2027-01-03,RepBillKeating,UC7KPV4xdxO2dms9vl6tETmg,USRepKeating,232992031,,,Congressman.Keating
Marcy,Kaptur,K000009,rep,Democrat,OH,2025-01-03,2027-01-03,USRepMarcyKaptur,UCIJUNf22o09nO02oQPLKQ6w,RepMarcyKaptur,581141508,repmarcykaptur,,RepresentativeMarcyKaptur
Ron,Johnson,J000293,sen,Republican,WI,2023-01-03,2029-01-03,SenatorRonJohnson,UCG9XyTVtOAs7VX_q_QVHoaw,SenRonJohnson,233737858,senronjohnson,,senronjohnson
Jim,Jordan,J000289,rep,Republican,OH,2025-01-03,2027-01-03,RepJimJordan,UCPFBhS00ivPV585GlnNlyqA,Jim_Jordan,18166778,,,repjimjordan
Henry,Johnson,J000288,rep,Democrat,GA,2025-01-03,2027-01-03,RepHankJohnson,UCqMici9I7nz_i-PN7eSYjwQ,RepHankJohnson,24745957,rephankjohnson,,115356957005
John,Hoeven,H001061,sen,Republican,ND,2023-01-03,2029-01-03,senatorjohnhoevennd,UC1kQIC2Q_Fq9_NRqdb6eHiw,SenJohnHoeven,382791093,senjohnhoeven,1237544252,SenatorJohnHoeven
Bill,Huizenga,H001058,rep,Republican,MI,2025-01-03,2027-01-03,RepHuizenga,UCQPlLLiMnysMmeJ5qUSSjQg,RepHuizenga,233949261,RepHuizenga,,RepHuizenga
James,Himes,H001047,rep,Democrat,CT,2025-01-03,2027-01-03,congressmanhimes,UCCeB6czh6nhCHxOMCk_V4yA,jahimes,,repjimhimes,,CongressmanJimHimes
Martin,Heinrich,H001046,sen,Democrat,NM,2025-01-03,2031-01-03,SenMartinHeinrich,UCBxh8IK5sMxY0Ln_0G2NYcg,MartinHeinrich,1099199839,senatormartinheinrich,285288987,MartinHeinrich
Mazie,Hirono,H001042,sen,Democrat,HI,2025-01-03,2031-01-03,CongresswomanHirono,UCcoKhxad156flzPYJ8JMFOA,MazieHirono,92186819,maziehirono,304094084,senatorhirono
Steny,Hoyer,H000874,rep,Democrat,MD,2025-01-03,2027-01-03,LeaderHoyer,UCvxgqX65cdhHNjJn64cgY9g,RepStenyHoyer,22012091,repstenyhoyer,51616645,WhipHoyer
H.,Griffith,G000568,rep,Republican,VA,2025-01-03,2027-01-03,RepMorganGriffith,UCzxqD7EY_Rdvbc0spbaYkJA,RepMGriffith,234057152,hmorgangriffith,,RepMorganGriffith
Paul,Gosar,G000565,rep,Republican,AZ,2025-01-03,2027-01-03,repgosar,UC5orqw_9acsKWSRbrqTDXBw,RepGosar,240760644,REPGOSAR,,repgosar
John,Garamendi,G000559,rep,Democrat,CA,2025-01-03,2027-01-03,garamendiCA10,UCRym1qsO72C39gX6pBu4icg,RepGaramendi,88806753,repgaramendi,,repgaramendi
Al,Green,G000553,rep,Democrat,TX,2025-01-03,2027-01-03,RepAlGreen,UCFtgMZm1YUXaZ8OtOj-GDjA,RepAlGreen,156333623,repalgreen,,repalgreen
Charles,Grassley,G000386,sen,Republican,IA,2023-01-03,2029-01-03,senchuckgrassley,UCiCPRkcLMInpDeOqGkMTt4w,ChuckGrassley,10615232,senatorchuckgrassley,,grassley
Lindsey,Graham,G000359,sen,Republican,SC,2021-01-03,2027-01-03,USSenLindseyGraham,UClLGZMA5Ei2Z8fR1PLEx6yQ,GrahamBlog,14845376,,,USSenatorLindseyGraham
Charles,Fleischmann,F000459,rep,Republican,TN,2025-01-03,2027-01-03,repchuck,UCTtRrJkM-R-f2K0byCMvHgw,RepChuck,235190657,,,repchuck
Virginia,Foxx,F000450,rep,Republican,NC,2025-01-03,2027-01-03,repvirginiafoxx,UCggineJcxJn80TRXxdQbx6w,VirginiaFoxx,16256269,repvirginiafoxx,,RepVirginiaFoxx
Scott,DesJarlais,D000616,rep,Republican,TN,2025-01-03,2027-01-03,ScottDesJarlaisTN04,UCvjuSLoi3hS0ECQvJLhwOkA,DesJarlaisTN04,235312723,desjarlaistn04,260930821,ScottDesJarlaisTN04
Mario,Diaz-Balart,D000600,rep,Republican,FL,2025-01-03,2027-01-03,MarioDiazBalart,UCpEEd0Plxx5D78pI4a4mFTQ,MarioDB,37094727,repmariodb,316477657,mdiazbalart
Richard,Durbin,D000563,sen,Democrat,IL,2021-01-03,2027-01-03,SenatorDurbin,UCkbixlNCxcKAffEhe3X5-lw,SenatorDurbin,247334603,,,SenatorDurbin
Lloyd,Doggett,D000399,rep,Democrat,TX,2025-01-03,2027-01-03,doggett,UCN-kiLKyHPcfRVZ28sAHS_g,RepLloydDoggett,153944899,replloyddoggett,,lloyddoggett
Rosa,DeLauro,D000216,rep,Democrat,CT,2025-01-03,2027-01-03,rosadelauro,UC9ROfGBm7kSLCEDYwFF6McQ,RosaDeLauro,140519774,,,CongresswomanRosaDeLauro
Diana,DeGette,D000197,rep,Democrat,CO,2025-01-03,2027-01-03,RepDianaDeGette,UCWFQCRTHwsHg9P1Hf-EQtew,RepDianaDeGette,28599820,,,DianaDeGette
Christopher,Coons,C001088,sen,Democrat,DE,2021-01-03,2027-01-03,senatorchriscoons,UC2lOVbsddn1HIkcDnmCw6tA,ChrisCoons,15324851,senatorchriscoons,25194715,senatorchriscoons
Eric,Crawford,C001087,rep,Republican,AR,2025-01-03,2027-01-03,RepRickCrawford,UCLKAkVl4BHRK73lmDiIgPYg,RepRickCrawford,233693291,reprickcrawford,389864684,RepRickCrawford
Judy,Chu,C001080,rep,Democrat,CA,2025-01-03,2027-01-03,RepJudyChu,UCfcbYOvdEXZNelM8T05nK-w,RepJudyChu,193732179,repjudychu,,RepJudyChu
André,Carson,C001072,rep,Democrat,IN,2025-01-03,2027-01-03,repandrecarson,UCprUnnEgM2VUGmAKSaZXCSw,RepAndreCarson,199325935,repandrecarson,,CongressmanAndreCarson
Joe,Courtney,C001069,rep,Democrat,CT,2025-01-03,2027-01-03,repcourtney,UCGVIfe1T2hO1Lx7ap5Wkv1w,RepJoeCourtney,85396297,repjoecourtney,,joecourtney
Steve,Cohen,C001068,rep,Democrat,TN,2025-01-03,2027-01-03,repcohen,UC_NJlnsOBjOameUwZk0rvsA,RepCohen,162069635,repcohen,,CongressmanSteveCohen
Yvette,Clarke,C001067,rep,Democrat,NY,2025-01-03,2027-01-03,repyvetteclarke,UC8SuQiuL2P9fUHAxuRoTdUQ,RepYvetteClarke,240812994,repyvettedclarke,,repyvettedclarke
Henry,Cuellar,C001063,rep,Democrat,TX,2025-01-03,2027-01-03,henrycuellar,UCVgEOdJx3tyILO9EjZ-heEQ,RepCuellar,210926192,RepCuellar,,152569121550
Emanuel,Cleaver,C001061,rep,Democrat,MO,2025-01-03,2027-01-03,repcleaver,UCVC-7CLFjXczoihr5FxDLsw,RepCleaver,163570705,repcleaver,,emanuelcleaverii
Jim,Costa,C001059,rep,Democrat,CA,2025-01-03,2027-01-03,RepJimCostaCA20,UCVgXX23eJEai6GiBOKO6dvA,RepJimCosta,245451804,,,RepJimCosta
John,Cornyn,C001056,sen,Republican,TX,2021-01-03,2027-01-03,senjohncornyn,UCyQwLQavlOaJ64YuY_VMtiQ,JohnCornyn,13218102,,,sen.johncornyn
Tom,Cole,C001053,rep,Republican,OK,2025-01-03,2027-01-03,reptomcole,UCvqzPm_YnNkfEHpm3SEMJMQ,TomColeOK04,23124635,TomColeOK04,,TomColeOK04
John,Carter,C001051,rep,Republican,TX,2025-01-03,2027-01-03,repjohncarter,UC9pkaOrhPfouzkJ8oAdI-1w,JudgeCarter,18030431,judgecarter,456560563,judgecarter
Shelley,Capito,C001047,sen,Republican,WV,2021-01-03,2027-01-03,,UCbiXdR4XQ3vD9Xp5lfR9QXw,SenCapito,193794406,sencapito,1640447624,senshelley
Susan,Collins,C001035,sen,Republican,ME,2021-01-03,2027-01-03,SenatorSusanCollins,UC6GYaBx5kT2r4PN8KENxC-w,SenatorCollins,19726613,sensusancollins,,susancollins
Michael,Crapo,C000880,sen,Republican,ID,2023-01-03,2029-01-03,senatorcrapo,UCMHzKHg1BE7dEcFjnayw1lA,MikeCrapo,600463589,mikecrapo,329357214,mikecrapo
James,Clyburn,C000537,rep,Democrat,SC,2025-01-03,2027-01-03,repjamesclyburn,UCIyU_UA_JEa14gvAwhquKqg,RepJamesClyburn,188019606,repjamesclyburn,,jameseclyburn
Maria,Cantwell,C000127,sen,Democrat,WA,2025-01-03,2031-01-03,SenatorCantwell,UCN52UDqKgvHRk39ncySrIMw,SenatorCantwell,117501995,,,senatorcantwell
Ken,Calvert,C000059,rep,Republican,CA,2025-01-03,2027-01-03,RepKenCalvert,UC5MEj7YOX_QdKoqD_HRxP3A,KenCalvert,22545491,repkencalvert,,70063393423
Richard,Blumenthal,B001277,sen,Democrat,CT,2023-01-03,2029-01-03,SenatorBlumenthal,UCHH-fn3_LVt0Q4od56rOi5g,SenBlumenthal,278124059,senblumenthal,,SenBlumenthal
Michael,Bennet,B001267,sen,Democrat,CO,2023-01-03,2029-01-03,SenatorBennet,UCXB3cljpMwTyCUyLr2ZVLow,SenatorBennet,224285242,SenBennetCO,,senbennetco
John,Barrasso,B001261,sen,Republican,WY,2025-01-03,2031-01-03,barrassowyo,UC80PfiCAB2Fe1MFayWlR6GQ,SenJohnBarrasso,202206694,,,johnbarrasso
Vern,Buchanan,B001260,rep,Republican,FL,2025-01-03,2027-01-03,vernbuchanan,UCY4DEy41NxOTdcF8_XAVZvw,VernBuchanan,20467163,repvern,344865327,CongressmanBuchanan
Gus,Bilirakis,B001257,rep,Republican,FL,2025-01-03,2027-01-03,RepGusBilirakis,UC2z1uu1n4-60xXs5x1mvLJw,RepGusBilirakis,26051676,gusbilirakis,,GusBilirakis
Marsha,Blackburn,B001243,sen,Republican,TN,2025-01-03,2031-01-03,RepMarshaBlackburn,UCvNnmu5mUm7xr8QXBlbtQ9w,MarshaBlackburn,278145569,marshablackburn,,marshablackburn
John,Boozman,B001236,sen,Republican,AR,2023-01-03,2029-01-03,BoozmanPressOffice,UC9vWHKL5OfIYh6kIV0rF2yw,JohnBoozman,5558312,johnboozman,,JohnBoozman
Sanford,Bishop,B000490,rep,Democrat,GA,2025-01-03,2027-01-03,RepSanfordBishop,UCxF9veLBrkr_CqVq5eFYVGg,SanfordBishop,249410485,,,sanfordbishop
Robert,Aderholt,A000055,rep,Republican,AL,2025-01-03,2027-01-03,RobertAderholt,UC71CAgpg1gbLTew_pfTneGA,Robert_Aderholt,76452765,,,RobertAderholt
Suzan,DelBene,D000617,rep,Democrat,WA,2025-01-03,2027-01-03,,UCd00b7TpKDZIr-Ujhaktvjg,RepDelBene,995193054,repdelbene,,RepDelBene
Suzanne,Bonamici,B001278,rep,Democrat,OR,2025-01-03,2027-01-03,RepSuzanneBonamici,UC0IkAeEiwgzSRTD1TDSvuBw,RepBonamici,558769636,RepBonamici,,congresswomanbonamici
Angus,King,K000383,sen,Independent,ME,2025-01-03,2031-01-03,SenatorAngusKing,UCpp6lGvrmt0XU_lnD4Ak0gA,SenAngusKing,1068481578,,,SenatorAngusSKingJr
Mark,Amodei,A000369,rep,Republican,NV,2025-01-03,2027-01-03,markamodeinv2,UCjOGx2iqSn1r3BQxaVgYhYw,MarkAmodeiNV2,402719755,MarkAmodeiNV2,,MarkAmodeiNV2
Eric,Swalwell,S001193,rep,Democrat,CA,2025-01-03,2027-01-03,ericswalwell,UCKvwsFNGD4sDkE_9g-2ft0w,RepSwalwell,942156122,repswalwell,338799200,CongressmanEricSwalwell
Markwayne,Mullin,M001190,sen,Republican,OK,2023-01-03,2027-01-03,,UCLQlm-cbGbJj9baZC6oFsag,SenMullin,1060370282,senmullin,,RepMullin
Grace,Meng,M001188,rep,Democrat,NY,2025-01-03,2027-01-03,,UCHg516zJKbIBtXFAJ0nu3XQ,RepGraceMeng,1051127714,,,repgracemeng
Mark,Takano,T000472,rep,Democrat,CA,2025-01-03,2027-01-03,RepMarkTakano,UCJg4F1irmSFeKoXZBaZbX2w,RepMarkTakano,1037321378,repmarktakano,,RepMarkTakano
Hakeem,Jeffries,J000294,rep,Democrat,NY,2025-01-03,2027-01-03,,UCYVmbsjoNbQ4j-PCQIYgpWQ,RepJeffries,467823431,repjeffries,,RepHakeemJeffries
David,Joyce,J000295,rep,Republican,OH,2025-01-03,2027-01-03,repdavejoyce,UCTu9xz2VYk-jtQv0TVsLyYA,RepDaveJoyce,976969338,repdavejoyce,360743678,RepDaveJoyce
Randy,Weber,W000814,rep,Republican,TX,2025-01-03,2027-01-03,TXRandy14,UCJSZRrAcd5i1bHLjR66PZdg,TXRandy14,1058051748,TXRandy14,,TXRandy14
Steve,Daines,D000618,sen,Republican,MT,2021-01-03,2027-01-03,SteveDainesMT,UC-ny-W5mEUGytiyMdXbQ20Q,SteveDaines,11651202,stevedaines,371125857,SteveDainesMT
Tom,Cotton,C001095,sen,Republican,AR,2021-01-03,2027-01-03,RepTomCotton,UCXEk6mokWBajIpNatbjnwSg,SenTomCotton,968650362,,,SenatorTomCotton
Ami,Bera,B001287,rep,Democrat,CA,2025-01-03,2027-01-03,repamibera,UClJCTCo53Zk6b4kUL-bbdzg,RepBera,950783972,repbera,,RepAmiBera
Bill,Foster,F000454,rep,Democrat,IL,2025-01-03,2027-01-03,RepBillFoster,UCicixINQr_-3cFHI2bJzFpQ,RepBillFoster,1080509366,,,CongressmanBillFoster
Lois,Frankel,F000462,rep,Democrat,FL,2025-01-03,2027-01-03,reploisfrankel,UCEk5viAhxaW_2OK20-yBwzQ,RepLoisFrankel,1077121945,reploisfrankel,,RepLoisFrankel
Richard,Hudson,H001067,rep,Republican,NC,2025-01-03,2027-01-03,RepRichHudson,UC9Q1qCvnQR7rHERjTjJl5Pg,RepRichHudson,935033864,,,RepRichHudson
Marc,Veasey,V000131,rep,Democrat,TX,2025-01-03,2027-01-03,marcveasey,UC2CRp1KF5uljZyhDRPR-72Q,RepVeasey,1074129612,repveasey,676925345,CongressmanMarcVeasey
Scott,Perry,P000605,rep,Republican,PA,2025-01-03,2027-01-03,RepScottPerry,UCzgrU5PT_HHRgf5hXPen4dQ,RepScottPerry,18773159,repscottperry,519463466,repscottperry
Raul,Ruiz,R000599,rep,Democrat,CA,2025-01-03,2027-01-03,repraulruiz,UCSDk-cyNPCo1iy6rweSPmBw,RepRaulRuizMD,1089859058,,,CongressmanRaulRuizMD
Kevin,Cramer,C001096,sen,Republican,ND,2025-01-03,2031-01-03,kevincramer,UCqUPdO9XaAW-dvwwXKbIVdA,SenKevinCramer,1048784496,repkevincramer,,CongressmanKevinCramer
Ann,Wagner,W000812,rep,Republican,MO,2025-01-03,2027-01-03,,UCy2v2DXXvQnbRc8Zx77Dnsg,RepAnnWagner,1051446626,repannwagner,,RepAnnWagner
Elizabeth,Warren,W000817,sen,Democrat,MA,2025-01-03,2031-01-03,senelizabethwarren,UCTH9zV8Imw09J5bOoTR18_A,SenWarren,970207298,senwarren,,senatorelizabethwarren
Garland,Barr,B001282,rep,Republican,KY,2025-01-03,2027-01-03,RepAndyBarr,UCVL2s6x7f7H0ZJ-uwU0pQ6Q,RepAndyBarr,1089334250,RepAndyBarr,,RepAndyBarr
Ted,Cruz,C001098,sen,Republican,TX,2025-01-03,2031-01-03,sentedcruz,UCOTZ-6H1rri1lSsj6IzhUyw,SenTedCruz,1074480192,sentedcruz,,SenatorTedCruz
Danny,Davis,D000096,rep,Democrat,IL,2025-01-03,2027-01-03,dannykdavis07,UCdhrT09_XMr31tuI8OcKsjQ,RepDannyDavis,789244177,,,CongressmanDKDavis
Sam,Graves,G000546,rep,Republican,MO,2025-01-03,2027-01-03,,UCdg2ybvoHsSW6t7iJnKHlNg,RepSamGraves,29766367,repsamgraves,,118514606128
Tammy,Baldwin,B001230,sen,Democrat,WI,2025-01-03,2031-01-03,witammybaldwin,UC_XjYCRbbI2_TDDjJidwk0Q,SenatorBaldwin,1074518754,senatorbaldwin,,senatortammybaldwin
Roger,Williams,W000816,rep,Republican,TX,2025-01-03,2027-01-03,,UCBtfmMMQarjtLB9U_pWMOhw,RepRWilliams,1077446982,,,RepRogerWilliams
Tammy,Duckworth,D000622,sen,Democrat,IL,2023-01-03,2029-01-03,repduckworth,UCYRWRvUxtjaHnFMCbdd94tg,SenDuckworth,1058520120,SenDuckworth,1387939090,SenDuckworth
Deb,Fischer,F000463,sen,Republican,NE,2025-01-03,2031-01-03,senatordebfischer,UCrbEfZaG_WhB0PBHI1hefPQ,SenatorFischer,1071402577,senatorfischer,,senatordebfischer
Jared,Huffman,H001068,rep,Democrat,CA,2025-01-03,2027-01-03,rephuffman,UCJU6SP1ppp1ZhSiqZLiFgDA,RepHuffman,1071102246,rephuffman,,RepHuffman
Andy,Harris,H001052,rep,Republican,MD,2025-01-03,2027-01-03,RepAndyHarris,UCvUuV7FiJfJi1yux4qozgMg,RepAndyHarrisMD,960962340,,,AndyHarrisMD
Scott,Peters,P000608,rep,Democrat,CA,2025-01-03,2027-01-03,,UCQK77QJxW7Xr-S3zqeMd-0g,RepScottPeters,1135486501,repscottpeters,,RepScottPeters
Joaquin,Castro,C001091,rep,Democrat,TX,2025-01-03,2027-01-03,JoaquinCastroTX,UCsRxWnFdRiV2od1O5v5nEeQ,JoaquinCastrotx,231510077,joaquincastrotx,378492005,326420614138023
Bill,Cassidy,C001075,sen,Republican,LA,2021-01-03,2027-01-03,SenatorBillCassidy,UCCEyGhUzxgkxFzWCY-rxz8g,SenBillCassidy,1.02E+18,senbillcassidy,,SenBillCassidy
Brett,Guthrie,G000558,rep,Republican,KY,2025-01-03,2027-01-03,BrettGuthrie,UCdJhDw-YbdH0RHfWK0sIfiw,RepGuthrie,1908143071,repguthrie,,CongressmanGuthrie
Doug,LaMalfa,L000578,rep,Republican,CA,2025-01-03,2027-01-03,RepLaMalfa,UCUzz1XDn862fxirervSB2Yw,RepLaMalfa,1069124515,repdouglamalfa,,RepLaMalfa
Kathy,Castor,C001066,rep,Democrat,FL,2025-01-03,2027-01-03,RepKathyCastor,UC_irxhmLqVenTFPxDxznG6g,USRepKCastor,1880674038,usrepkathycastor,,USRepKathyCastor
Amy,Klobuchar,K000367,sen,Democrat,MN,2025-01-03,2031-01-03,senatorklobuchar,UCvdeJsDsV51tFb_hVqvtYGA,SenAmyKlobuchar,22044727,,,
Mark,Pocan,P000607,rep,Democrat,WI,2025-01-03,2027-01-03,repmarkpocan,UCz5b47WER_u3dUGV_Zi70dQ,RepMarkPocan,1206227149,repmarkpocan,1422301608,repmarkpocan
Juan,Vargas,V000130,rep,Democrat,CA,2025-01-03,2027-01-03,RepJuanVargas,UCpMthf8y7bEMJH_td0dznRQ,RepJuanVargas,1260172386,repjuanvargas,,RepJuanVargas
Timothy,Kaine,K000384,sen,Democrat,VA,2025-01-03,2031-01-03,SenatorTimKaine,UC27LgTZlUnBQoNEQFZdn9LA,,,sentimkaine,,SenatorKaine
Brian,Schatz,S001194,sen,Democrat,HI,2023-01-03,2029-01-03,senbrianschatz,UC8-mSYp2WqBiB_5iwtwKfow,SenBrianSchatz,1262099252,senbrianschatz,,SenBrianSchatz
Julia,Brownley,B001285,rep,Democrat,CA,2025-01-03,2027-01-03,RepJuliaBrownley,UCFrC4Ouk5R6xQztS9PZin_A,RepBrownley,1243902714,RepBrownley,,RepJuliaBrownley
Thomas,Massie,M001184,rep,Republican,KY,2025-01-03,2027-01-03,repthomasmassie,UCpmXOtvvXC3GE8o9VxYNK7g,RepThomasMassie,975200486,repthomasmassie,,RepThomasMassie
Robin,Kelly,K000385,rep,Democrat,IL,2025-01-03,2027-01-03,,UCLhcNPX2nNQLNzwKW0nEykg,RepRobinKelly,1339931490,reprobinkelly,,reprobinkelly
Kirsten,Gillibrand,G000555,sen,Democrat,NY,2025-01-03,2031-01-03,KirstenEGillibrand,UCVEloQogVsmnkd5vxJInmYg,GillibrandNY,9.00E+17,senkirstengillibrand,,SenKirstenGillibrand
James,Risch,R000584,sen,Republican,ID,2021-01-03,2027-01-03,SenatorJamesRisch,UCncKW8xyT5UbPNO27YuQnBA,SenatorRisch,1096059529,,,senatorjimrisch
Joyce,Beatty,B001281,rep,Democrat,OH,2025-01-03,2027-01-03,,UCtVl3kb7Xvt3pY7l6x-M6LA,RepBeatty,1531521632,repbeatty,554027718,RepJoyceBeatty
Tina,Smith,S001203,sen,Democrat,MN,2021-01-03,2027-01-03,,,SenTinaSmith,9.41E+17,senatortinasmith,,USSenTinaSmith
Jason,Smith,S001195,rep,Republican,MO,2025-01-03,2027-01-03,RepJasonSmith,UCzj9-27Lr4gcqopmZAobXXg,RepJasonSmith,1623308912,,,repjasonsmith
Christopher,Smith,S000522,rep,Republican,NJ,2025-01-03,2027-01-03,USRepChrisSmith,UCtCNUDo3-I1gsd_03ppDfZg,,,repchrissmith,,RepChrisSmith
Christopher,Murphy,M001169,sen,Democrat,CT,2025-01-03,2031-01-03,senchrismurphy,UCbcEa40PIFpLpdDe06n3F3Q,SenMurphyOffice,2853793517,senchrismurphy,,chrismurphyct
Cory,Booker,B001288,sen,Democrat,NJ,2021-01-03,2027-01-03,SenCoryBooker,UC6FlymqNS1VettnVZa7goPA,SenBooker,2167097881,corybooker,,SenatorCoryBooker
Katherine,Clark,C001101,rep,Democrat,MA,2025-01-03,2027-01-03,,UCgaI52w7QKI8LtkSeCCmSuw,RepKClark,2293131060,repkclark,,CongresswomanClark
Dan,Newhouse,N000189,rep,Republican,WA,2025-01-03,2027-01-03,,UCllbsv_aoIaPS6W3aSonZlw,RepNewhouse,2930635215,repnewhouse,,RepNewhouse
Barry,Loudermilk,L000583,rep,Republican,GA,2025-01-03,2027-01-03,,UC2Kfw8fjca8k3w3KpzL5tNg,RepLoudermilk,2914163523,RepLoudermilk,,reploudermilk
Earl,Carter,C001103,rep,Republican,GA,2025-01-03,2027-01-03,,UCHQm49T6ikD_ioMAt50AwKQ,RepBuddyCarter,2973870195,repbuddycarter,,congressmanbuddycarter
Mike,Bost,B001295,rep,Republican,IL,2025-01-03,2027-01-03,,UCYA1psY06vSf3QadHuCrmjQ,RepBost,2964877294,,,RepBost
Alma,Adams,A000370,rep,Democrat,NC,2025-01-03,2027-01-03,,UCPI9ao1Cr1nxEUD2r-usRjQ,RepAdams,2916086925,repadams,,CongresswomanAdams
John,Moolenaar,M001194,rep,Republican,MI,2025-01-03,2027-01-03,,UCnMvVN4a8roZu4crE0UW2DA,RepMoolenaar,2696643955,RepMoolenaar,,RepMoolenaar
Elise,Stefanik,S001196,rep,Republican,NY,2025-01-03,2027-01-03,,UCHvf42C8Vw6QnjwO2L2ukKA,RepStefanik,2962813893,repstefanik,,RepEliseStefanik
David,Rouzer,R000603,rep,Republican,NC,2025-01-03,2027-01-03,,UCBvOxpqoGi1HlHjX9v_gHZw,RepDavidRouzer,834069080,repdavidrouzer,,RepRouzer
Gary,Palmer,P000609,rep,Republican,AL,2025-01-03,2027-01-03,,UCYZfP-cNIvlJY3AcAc9OPpQ,USRepGaryPalmer,2861616083,repgarypalmer,1551536636,CongressmanGaryPalmer
Tom,Emmer,E000294,rep,Republican,MN,2025-01-03,2027-01-03,RepTomEmmer,UCScZcPwdddt6fffxbRLFQVw,RepTomEmmer,2914515430,reptomemmer,1565640999,reptomemmer
Bruce,Westerman,W000821,rep,Republican,AR,2025-01-03,2027-01-03,,UCNshPbmupCwP5a7Hi79jETQ,RepWesterman,2852998461,,,RepWesterman
J.,Hill,H001072,rep,Republican,AR,2025-01-03,2027-01-03,,UCT8uWroJtkwSsCJlVg0IKvQ,RepFrenchHill,2953974395,repfrenchhill,,RepFrenchHill
Brian,Babin,B001291,rep,Republican,TX,2025-01-03,2027-01-03,,UCPVEZgw-VbDRbLV1MRGVQNQ,RepBrianBabin,2929491549,,,RepBrianBabin
Debbie,Dingell,D000624,rep,Democrat,MI,2025-01-03,2027-01-03,,UCnoP3KLT-HOvzDfC1-I-9lQ,RepDebDingell,2970279814,repdingell,,RepDebbieDingell
Norma,Torres,T000474,rep,Democrat,CA,2025-01-03,2027-01-03,,UCvWY4qKP6--o3pIJY7hhKDg,NormaJTorres,236279233,repnormatorres,,RepNormaTorres
Dan,Sullivan,S001198,sen,Republican,AK,2021-01-03,2027-01-03,,UC7tXCm8gKlAhTFo2kuf5ylw,SenDanSullivan,2891210047,sen_dansullivan,1660873387,SenDanSullivan
Rick,Allen,A000372,rep,Republican,GA,2025-01-03,2027-01-03,,UCZPoYXHFDAV17BGLMzGAmpg,RepRickAllen,2964287128,Rep_RickAllen,1666787116,CongressmanRickAllen
Mike,Rounds,R000605,sen,Republican,SD,2021-01-03,2027-01-03,,UC-pvzimyBdpdkcIfsicrfrQ,SenatorRounds,2955485182,senatorrounds,,SenatorMikeRounds
Brendan,Boyle,B001296,rep,Democrat,PA,2025-01-03,2027-01-03,,UCMP_Anj7lz4eZuSh8GwFqQQ,CongBoyle,4304448314,,,CongressmanBoyle
Pete,Aguilar,A000371,rep,Democrat,CA,2025-01-03,2027-01-03,,UCxwbFLOlKDsXrwizV5jah7g,RepPeteAguilar,3018670151,,,reppeteaguilar
Ruben,Gallego,G000574,sen,Democrat,AZ,2025-01-03,2031-01-03,,,RepRubenGallego,2966570782,reprubengallego,,RepRubenGallego
Stacey,Plaskett,P000610,rep,Democrat,VI,2025-01-03,2027-01-03,,UC3V7biFZHDFHDFZy6cCSZUA,StaceyPlaskett,2724095695,stacey_plaskett,,repstaceyplaskett
Bonnie,Watson Coleman,W000822,rep,Democrat,NJ,2025-01-03,2027-01-03,,UCrxEaX0VKZKwg3930du2D5A,RepBonnie,2968451607,repbonnie,,RepBonnie
Ted,Lieu,L000582,rep,Democrat,CA,2025-01-03,2027-01-03,,UC9qcJxTqfDNBnVul1IojlFg,RepTedLieu,3044993235,RepTedLieu,,RepTedLieu
Mark,DeSaulnier,D000623,rep,Democrat,CA,2025-01-03,2027-01-03,,,RepDeSaulnier,2968007206,repdesaulnier,,RepMarkDeSaulnier
Seth,Moulton,M001196,rep,Democrat,MA,2025-01-03,2027-01-03,,UC5w5qn7nj5Ljy69LTV7a_fQ,RepMoulton,3091316093,repmoulton,,CongressmanSethMoulton
Donald,Beyer,B001292,rep,Democrat,VA,2025-01-03,2027-01-03,,UCPJGVbOVcAVGiBwq8qr_T9w,RepDonBeyer,2962868158,repdonbeyer,,RepDonBeyer
Glenn,Grothman,G000576,rep,Republican,WI,2025-01-03,2027-01-03,,UCui4k83Cot4aeVW_8T33fgg,RepGrothman,2976606250,repglenngrothman,,RepGrothman
Donald,Norcross,N000188,rep,Democrat,NJ,2025-01-03,2027-01-03,,UC7kXK_PyDiOT8YrdP0jYZHw,DonaldNorcross,3122099613,donald_norcross,,DonaldNorcrossNJ
Trent,Kelly,K000388,rep,Republican,MS,2025-01-03,2027-01-03,,UCtDrz-8tdg4ZgOAQHToSWaQ,RepTrentKelly,3317799825,reptrentkelly,,reptrentkelly
Darin,LaHood,L000585,rep,Republican,IL,2025-01-03,2027-01-03,,UCVRbtFwaBGcixZIkygtalRw,RepLaHood,3686482216,,,replahood
Jim,Banks,B001299,sen,Republican,IN,2025-01-03,2031-01-03,,UC_FR6TySW9uxvhjozkis6Xg,RepJimBanks,8.16E+17,repjimbanks,,RepJimBanks
Lisa,Blunt Rochester,B001303,sen,Democrat,DE,2025-01-03,2031-01-03,,,RepLBR,8.17E+17,senlbr,,Rep.BluntRochester
Jamie,Raskin,R000606,rep,Democrat,MD,2025-01-03,2027-01-03,,UChxDE6vho5BfBTOqiBsDmKg,RepRaskin,8.07E+17,repraskin,,repraskin
Jimmy,Panetta,P000613,rep,Democrat,CA,2025-01-03,2027-01-03,,UCmw-aERG51C96edMDPN7fXQ,RepJimmyPanetta,7.97E+17,repjimmypanetta,,RepJimmyPanetta
Neal,Dunn,D000628,rep,Republican,FL,2025-01-03,2027-01-03,,UCRTGfrYP-RuDzJ2KGok7TRA,DrNealDunnFL2,8.16E+17,,,drnealdunnfl2
Nanette,Barragán,B001300,rep,Democrat,CA,2025-01-03,2027-01-03,,,RepBarragan,8.17E+17,repbarragan,,CongresswomanBarragan
Andy,Biggs,B001302,rep,Republican,AZ,2025-01-03,2027-01-03,,UCqSq9kWOxk9yNTeILBCVC1w,RepAndyBiggsAZ,8.17E+17,repandybiggs,,RepAndyBiggs
Brian,Mast,M001199,rep,Republican,FL,2025-01-03,2027-01-03,repbrianmast,UCSBgIt02ZoFyfBOgISq77Cw,RepBrianMast,8.14E+17,RepBrianMast,,repbrianmast
Warren,Davidson,D000626,rep,Republican,OH,2025-01-03,2027-01-03,,UCMzuyZWzk44YRNesFzPTeUw,WarrenDavidson,7.43E+17,instawarrendavidson,,CongressmanWarrenDavidson
Vicente,Gonzalez,G000581,rep,Democrat,TX,2025-01-03,2027-01-03,,UC5H6oYLKQ_xIXO5CG7fh4hw,RepGonzalez,8.19E+17,repvicentegonzaleztx,,USCongressmanVicenteGonzalez
Josh,Gottheimer,G000583,rep,Democrat,NJ,2025-01-03,2027-01-03,,,RepJoshG,8.15E+17,RepJoshG,,RepJoshG
Catherine,Cortez Masto,C001113,sen,Democrat,NV,2023-01-03,2029-01-03,,UCip_83SiKUqwnUT57VOXrCg,SenCortezMasto,8.11E+17,sencortezmasto,,SenatorCortezMasto
Ro,Khanna,K000389,rep,Democrat,CA,2025-01-03,2027-01-03,,UCr4KOYv1o1oEQhy1jhhm3pQ,RepRoKhanna,8.16E+17,reprokhanna,,RepRoKhanna
Jodey,Arrington,A000375,rep,Republican,TX,2025-01-03,2027-01-03,,UC3lif8TFPOe-tJ2-pE4Rp7Q,RepArrington,8.16E+17,repjodeyarrington,,JodeyArrington
Salud,Carbajal,C001112,rep,Democrat,CA,2025-01-03,2027-01-03,repcarbajal,UCqzGv_gXgL6xceXQnu5vs3g,RepCarbajal,8.16E+17,repcarbajal,,repsaludcarbajal
Bradley,Schneider,S001190,rep,Democrat,IL,2025-01-03,2027-01-03,RepBradSchneider,UCcJmPR629lPofmQLMBU2xMg,RepSchneider,1071840474,repschneider,,CongressmanBradSchneider
Ted,Budd,B001305,sen,Republican,NC,2023-01-03,2029-01-03,@sentedbudd,UCfoonPj1whxWvwabV6j8q4Q,RepTedBudd,8.17E+17,sentedbudd,,RepTedBudd
Pramila,Jayapal,J000298,rep,Democrat,WA,2025-01-03,2027-01-03,,UCmyD0_-2Oowkfwc_Raghclw,RepJayapal,8.16E+17,repjayapal,,RepJayapal
Brian,Fitzpatrick,F000466,rep,Republican,PA,2025-01-03,2027-01-03,,UCYMNcgHss4_Q5JY2vSvMpgw,RepBrianFitz,8.16E+17,repbrianfitz,,repbrianfitzpatrick
John,Kennedy,K000393,sen,Republican,LA,2023-01-03,2029-01-03,,UCDgjkA5Y_npoxeUiSW18JZQ,SenJohnKennedy,8.17E+17,SenJohnKennedy,,JohnKennedyLouisiana
Raja,Krishnamoorthi,K000391,rep,Democrat,IL,2025-01-03,2027-01-03,,,CongressmanRaja,8.14E+17,congressmanraja,,congressmanraja
Margaret,Hassan,H001076,sen,Democrat,NH,2023-01-03,2029-01-03,,,SenatorHassan,946549322,senatorhassan,,SenatorHassan
Adriano,Espaillat,E000297,rep,Democrat,NY,2025-01-03,2027-01-03,,UCi0niBYFhEY70Dz8InbX5OQ,RepEspaillat,8.17E+17,repadrianoespaillat,,RepEspaillat
David,Kustoff,K000392,rep,Republican,TN,2025-01-03,2027-01-03,,UCK6U4plOKKMrCjv_h59spGQ,RepDavidKustoff,8.16E+17,repdavidkustoff,,RepDavidKustoff
Darren,Soto,S001200,rep,Democrat,FL,2025-01-03,2027-01-03,repdarrensoto,UCh9Og3DYZIaIWKriQ3n6cYQ,RepDarrenSoto,8.19E+17,RepDarrenSoto,,CongressmanDarrenSoto
Jack,Bergman,B001301,rep,Republican,MI,2025-01-03,2027-01-03,ackbergman5150,UCKrkKLwcZs7bUehe6ub9Vsg,RepJackBergman,8.15E+17,RepJackBergman,,RepJackBergman
James,Comer,C001108,rep,Republican,KY,2025-01-03,2027-01-03,,,RepJamesComer,1.27E+18,congressmancomer,,congressmancomer
Roger,Marshall,M001198,sen,Republican,KS,2021-01-03,2027-01-03,,UCR3nOFMqBB-kRpKFwgapMaQ,SenatorMarshall,1.34E+18,senrogermarshall,,RogerMarshallMD
Dwight,Evans,E000296,rep,Democrat,PA,2025-01-03,2027-01-03,,,RepDwightEvans,90639372,repdwightevans,,RepDwightEvans
John,Rutherford,R000609,rep,Republican,FL,2025-01-03,2027-01-03,Reprutherfordfl,UCXRvZ7q1YM__Jyqcbt4aedw,RepRutherfordFL,8.29E+17,reprutherfordfl,,RepRutherfordFL
Mike,Johnson,J000299,rep,Republican,LA,2025-01-03,2027-01-03,,UCzqBEpeIaDEfvAtsA53Fx2Q,RepMikeJohnson,8.27E+17,RepMikeJohnson,,RepMikeJohnson
Jacky,Rosen,R000608,sen,Democrat,NV,2025-01-03,2031-01-03,,,SenJackyRosen,8.19E+17,repjackyrosen,,RepJackyRosen
J.,Correa,C001110,rep,Democrat,CA,2025-01-03,2027-01-03,,UCIKJJp4QJIDjnjodc23qKkw,RepLouCorrea,8.16E+17,reploucorrea,,RepLouCorrea
Don,Bacon,B001298,rep,Republican,NE,2025-01-03,2027-01-03,,UCR9abI1lZzAZ6HwQXc-dLFQ,RepDonBacon,8.19E+17,RepDonBacon,,RepDonBacon
Lloyd,Smucker,S001199,rep,Republican,PA,2025-01-03,2027-01-03,,UCs5iMvWy-oTHyf5HuwB7FCg,RepSmucker,41417564,,,RepSmucker
Clay,Higgins,H001077,rep,Republican,LA,2025-01-03,2027-01-03,,,RepClayHiggins,8.44E+17,RepClayHiggins,,CongressmanClayHiggins
Ron,Estes,E000298,rep,Republican,KS,2025-01-03,2027-01-03,,UC2clc28qcehIqotHQcthnWA,RepRonEstes,8.55E+17,RepRonEstes,,RepRonEstes
Jimmy,Gomez,G000585,rep,Democrat,CA,2025-01-03,2027-01-03,,UCOmm091WM6D01xTdzsWNvbQ,RepJimmyGomez,2371339658,repjimmygomez,,RepJimmyGomez
Ralph,Norman,N000190,rep,Republican,SC,2025-01-03,2027-01-03,,UCVVIZjUpGRB1pgQGDBVBU8Q,RepRalphNorman,8.80E+17,repralphnorman,,RepRalphNorman
John,Curtis,C001114,sen,Republican,UT,2025-01-03,2031-01-03,,UChAQ4MD-HigmGnImSoAKBVA,RepJohnCurtis,9.32E+17,repjohncurtis,,RepJohnCurtis
Cindy,Hyde-Smith,H001079,sen,Republican,MS,2021-01-03,2027-01-03,,UCJHxkJhGST0NTlkzJHWV03Q,SenHydeSmith,9.83E+17,sencindyhydesmith,,SenatorCindyHydeSmith
Michael,Cloud,C001115,rep,Republican,TX,2025-01-03,2027-01-03,RepCloudTX,UCv_kM3OZukHS0rjWpw_JMWg,RepCloudTX,1.04E+18,repcloudtx,,RepCloudTX
Pete,Stauber,S001212,rep,Republican,MN,2025-01-03,2027-01-03,,,RepPeteStauber,1.08E+18,,,RepPeteStauber
Troy,Balderson,B001306,rep,Republican,OH,2025-01-03,2027-01-03,,UCm6vJzx-mu4Xr56FnQKRz0w,RepBalderson,1.04E+18,,,RepTroyBalderson
Ben,Cline,C001118,rep,Republican,VA,2025-01-03,2027-01-03,@congressmanbencline8000,UCQYI19aNR1xdhX2BCkDQSGg,RepBenCline,1.07E+18,repbencline,,RepBenCline
Steven,Horsford,H001066,rep,Democrat,NV,2025-01-03,2027-01-03,,UCNEpy5bPXiyAavRzYnPlhDQ,RepHorsford,389840566,rephorsford,,
Kevin,Hern,H001082,rep,Republican,OK,2025-01-03,2027-01-03,,UC9XRRGCgGOEtEOwUAo1rYZg,repkevinhern,1.07E+18,,,repkevinhern
Mike,Levin,L000593,rep,Democrat,CA,2025-01-03,2027-01-03,,UCYFDRohyZgoPy5rXOaVZO-A,RepMikeLevin,1.07E+18,RepMikeLevin,,RepMikeLevin
Joseph,Morelle,M001206,rep,Democrat,NY,2025-01-03,2027-01-03,,,RepJoeMorelle,1.06E+18,,,RepJoeMorelle
Joe,Neguse,N000191,rep,Democrat,CO,2025-01-03,2027-01-03,,,RepJoeNeguse,1.08E+18,,,RepJoeNeguse
Bryan,Steil,S001213,rep,Republican,WI,2025-01-03,2027-01-03,,,RepBryanSteil,1.08E+18,,,
Tim,Burchett,B001309,rep,Republican,TN,2025-01-03,2027-01-03,,,RepTimBurchett,1.03E+18,,,
Angie,Craig,C001119,rep,Democrat,MN,2025-01-03,2027-01-03,,,RepAngieCraig,1.08E+18,,,RepAngieCraig
Dan,Crenshaw,C001120,rep,Republican,TX,2025-01-03,2027-01-03,,UC2XDiCjAHtJqnSEzrHAY5IQ,RepDanCrenshaw,1.08E+18,dancrenshawtx,,RepDanCrenshaw
Jason,Crow,C001121,rep,Democrat,CO,2025-01-03,2027-01-03,,,RepJasonCrow,1.08E+18,,,RepJasonCrow
Sharice,Davids,D000629,rep,Democrat,KS,2025-01-03,2027-01-03,,,RepDavids,1.08E+18,,,
Veronica,Escobar,E000299,rep,Democrat,TX,2025-01-03,2027-01-03,,UC46TX2P8K0CA_4gZv8_R2Og,RepEscobar,1.08E+18,repescobar,,RepEscobar
Lizzie,Fletcher,F000468,rep,Democrat,TX,2025-01-03,2027-01-03,,UCIWDLoDPvawP118TNWi-9rg,RepFletcher,1.08E+18,repfletcher,,RepFletcher
Russ,Fulcher,F000469,rep,Republican,ID,2025-01-03,2027-01-03,,UCx2AS0O5frzPB8D6TqJ3Mqg,RepRussFulcher,1.08E+18,RepRussFulcher,,RepRussFulcher
Sylvia,Garcia,G000587,rep,Democrat,TX,2025-01-03,2027-01-03,,,RepSylviaGarcia,1.08E+18,,,RepSylviaGarcia
Jared,Golden,G000592,rep,Democrat,ME,2025-01-03,2027-01-03,,,RepGolden,1.08E+18,,,
Chrissy,Houlahan,H001085,rep,Democrat,PA,2025-01-03,2027-01-03,,UCGydnnhsUZqFBscmcWcT-zQ,RepHoulahan,1.05E+18,repchrissyhoulahan,,RepChrissyHoulahan
Josh,Harder,H001090,rep,Democrat,CA,2025-01-03,2027-01-03,,,RepJoshHarder,1.08E+18,,,
Dusty,Johnson,J000301,rep,Republican,SD,2025-01-03,2027-01-03,,,RepDustyJohnson,1.07E+18,,,
Susie,Lee,L000590,rep,Democrat,NV,2025-01-03,2027-01-03,,,RepSusieLee,1.08E+18,repsusielee,,RepSusieLee
Daniel,Meuser,M001204,rep,Republican,PA,2025-01-03,2027-01-03,,,RepMeuser,1.08E+18,,,RepMeuser
Ayanna,Pressley,P000617,rep,Democrat,MA,2025-01-03,2027-01-03,,UCkhjut8oXdxN7HGg5eRT9Fw,RepPressley,1.08E+18,RepAyannaPressley,,RepAyannaPressley
Mikie,Sherrill,S001207,rep,Democrat,NJ,2025-01-03,2027-01-03,,,RepSherrill,1.08E+18,,,RepMikieSherrill
Elissa,Slotkin,S001208,sen,Democrat,MI,2025-01-03,2031-01-03,,,RepSlotkin,1.08E+18,senslotkin,,SenElissaSlotkin
Greg,Stanton,S001211,rep,Democrat,AZ,2025-01-03,2027-01-03,,,RepGregStanton,1.08E+18,repgregstanton,,repgregstanton
Haley,Stevens,S001215,rep,Democrat,MI,2025-01-03,2027-01-03,,,RepHaleyStevens,1.08E+18,,,RepHaleyStevens
Kim,Schrier,S001216,rep,Democrat,WA,2025-01-03,2027-01-03,,,RepKimSchrier,1.08E+18,,,repkimschrier
William,Timmons,T000480,rep,Republican,SC,2025-01-03,2027-01-03,,,RepTimmons,1.08E+18,reptimmons,,reptimmons
Rashida,Tlaib,T000481,rep,Democrat,MI,2025-01-03,2027-01-03,,UCl5GK07sD5TZIhKcsDNSExA,RepRashida,1.08E+18,reprashida,,RepRashida
Lori,Trahan,T000482,rep,Democrat,MA,2025-01-03,2027-01-03,,UCsRXg0BmoS4Rkjz-pqX1PmQ,RepLoriTrahan,1.08E+18,reploritrahan,,reploritrahan
Lauren,Underwood,U000040,rep,Democrat,IL,2025-01-03,2027-01-03,,,RepUnderwood,1.08E+18,,,
Jahana,Hayes,H001081,rep,Democrat,CT,2025-01-03,2027-01-03,,UCXngpVME5LZjcdXxZQxSDQA,RepJahanaHayes,1.08E+18,repjahanahayes,,RepJahanaHayes
Madeleine,Dean,D000631,rep,Democrat,PA,2025-01-03,2027-01-03,,UCHj4veUyhPzzOW-Jvn7MqUg,RepDean,567508925,repmadeleinedean,,RepMadeleineDean
Chris,Pappas,P000614,rep,Democrat,NH,2025-01-03,2027-01-03,,,RepChrisPappas,1.07E+18,,,
John,Rose,R000612,rep,Republican,TN,2025-01-03,2027-01-03,,,RepJohnRose,1.08E+18,,,repjohnrose
Mary,Scanlon,S001205,rep,Democrat,PA,2025-01-03,2027-01-03,,,RepMGS,1.07E+18,repmgs,,repmgs
Alexandria,Ocasio-Cortez,O000172,rep,Democrat,NY,2025-01-03,2027-01-03,,,RepAOC,1.08E+18,,,repaoc
John,Joyce,J000302,rep,Republican,PA,2025-01-03,2027-01-03,,,RepJohnJoyce,1.08E+18,,,
Michael,Guest,G000591,rep,Republican,MS,2025-01-03,2027-01-03,,,RepMichaelGuest,1.08E+18,,,RepMichaelGuest
Sean,Casten,C001117,rep,Democrat,IL,2025-01-03,2027-01-03,,,RepCasten,1.08E+18,repseancasten,,RepSeanCasten
Carol,Miller,M001205,rep,Republican,WV,2025-01-03,2027-01-03,,,RepCarolMiller,1.08E+18,,,RepCarolMiller
Lucy,McBath,M001208,rep,Democrat,GA,2025-01-03,2027-01-03,,,RepLucyMcBath,1.08E+18,replucymcbath,,RepLucyMcBath
Chip,Roy,R000614,rep,Republican,TX,2025-01-03,2027-01-03,,,RepChipRoy,1.08E+18,,,
W.,Steube,S001214,rep,Republican,FL,2025-01-03,2027-01-03,@RepGregSteube,UCuhN60FDf0YWlSqJitl2pvg,RepGregSteube,1.08E+18,repgregsteube,,RepGregSteube
Jesús,García,G000586,rep,Democrat,IL,2025-01-03,2027-01-03,,,RepChuyGarcia,1.08E+18,,,RepChuyGarcia
James,Baird,B001307,rep,Republican,IN,2025-01-03,2027-01-03,,UCAe6fGhotC9J9tR_QONYzFA,RepJimBaird,1.09E+18,,,RepJimBaird
Guy,Reschenthaler,R000610,rep,Republican,PA,2025-01-03,2027-01-03,RepGuyReschenthaler,UCaZ188nNR2eLLem4HnrP_iQ,GReschenthaler,4205133682,greschenthaler,,GReschenthaler
Ilhan,Omar,O000173,rep,Democrat,MN,2025-01-03,2027-01-03,,,Ilhan,1.08E+18,,,
Ed,Case,C001055,rep,Democrat,HI,2025-01-03,2027-01-03,RepEdCase,UCnY3Re6MbG3OtLbLbHOhDcg,RepEdCase,1.08E+18,repedcase,,RepEdCase
Joshua,Hawley,H001089,sen,Republican,MO,2025-01-03,2031-01-03,,UCMzt8xq6qQ3XQ_DlNfJx0-w,SenHawleyPress,1.08E+18,senatorhawley,,SenatorHawley
Kweisi,Mfume,M000687,rep,Democrat,MD,2025-01-03,2027-01-03,,UCbE6PJy-4U0DxosEW2TBQRA,RepKweisiMfume,1.28E+18,repkweisimfume,,RepKweisiMfume
Gregory,Murphy,M001210,rep,Republican,NC,2025-01-03,2027-01-03,,,RepGregMurphy,1.17E+18,repgregmurphy,,RepGregMurphy
Mark,Kelly,K000377,sen,Democrat,AZ,2023-01-03,2029-01-03,SenMarkKelly,UCogn5jGgRliuwzFIIHbIoxA,SenMarkKelly,1.32E+18,senmarkkelly,,SenMarkKelly
Clarence,Owens,O000086,rep,Republican,UT,2025-01-03,2027-01-03,,UCxeB7xjbLDJM9Yw6brXsX6Q,RepBurgessOwens,1.34E+18,repburgessowens,,CongressmanBurgessOwens
Blake,Moore,M001213,rep,Republican,UT,2025-01-03,2027-01-03,@RepBlakeMoore,UCu9WOwfOSpzNb7Tzahz2ydw,RepBlakeMoore,1.34E+18,repblakemoore,,RepBlakeMoore
Beth,Van Duyne,V000134,rep,Republican,TX,2025-01-03,2027-01-03,,,RepBethVanDuyne,1.34E+18,repbethvanduyne,,RepBethVanDuyne
Ronny,Jackson,J000304,rep,Republican,TX,2025-01-03,2027-01-03,,,RepRonnyJackson,1.34E+18,RepRonnyJackson,,RepRonnyJackson
August,Pfluger,P000048,rep,Republican,TX,2025-01-03,2027-01-03,,UC8bJT16wpa7co50ELvpMTTg,RepPfluger,1.34E+18,repaugustpfluger,,RepAugustPfluger
Patrick,Fallon,F000246,rep,Republican,TX,2025-01-03,2027-01-03,RepPatFallon,UC8t0pnbwG7N5z2xHRuFePsA,RepPatFallon,1.34E+18,RepPatFallon,,RepPatFallon
Diana,Harshbarger,H001086,rep,Republican,TN,2025-01-03,2027-01-03,,,RepHarshbarger,1.35E+18,,,RepDianaHarshbarger
Nancy,Mace,M000194,rep,Republican,SC,2025-01-03,2027-01-03,,,RepNancyMace,1.34E+18,repnancymace,,RepNancyMace
Stephanie,Bice,B000740,rep,Republican,OK,2025-01-03,2027-01-03,,,RepBice,1.34E+18,,,RepStephanieBice
Nicole,Malliotakis,M000317,rep,Republican,NY,2025-01-03,2027-01-03,,,RepMalliotakis,1.34E+18,,,RepNicole
Andrew,Garbarino,G000597,rep,Republican,NY,2025-01-03,2027-01-03,,,RepGarbarino,1.34E+18,,,RepAndrewGarbarino
Michelle,Fischbach,F000470,rep,Republican,MN,2025-01-03,2027-01-03,,UCAxs5zhFdAkGbkRnuC3osDw,RepFischbach,1.34E+18,repfischbach,,repfischbach
Lisa,McClain,M001136,rep,Republican,MI,2025-01-03,2027-01-03,,,RepLisaMcClain,1.34E+18,replisamcclain,,RepLisaMcClain
Jake,Auchincloss,A000148,rep,Democrat,MA,2025-01-03,2027-01-03,RepAuchincloss,UCLTp0xAT0gBrF8WReNliMwA,RepAuchincloss,1.33E+18,,,RepAuchincloss
Victoria,Spartz,S000929,rep,Republican,IN,2025-01-03,2027-01-03,,,RepSpartz,1.34E+18,,,RepSpartz
Mary,Miller,M001211,rep,Republican,IL,2025-01-03,2027-01-03,,,RepMaryMiller,1.34E+18,,,RepMaryMiller
Randy,Feenstra,F000446,rep,Republican,IA,2025-01-03,2027-01-03,,,RepFeenstra,1.35E+18,,,repfeenstra
Ashley,Hinson,H001091,rep,Republican,IA,2025-01-03,2027-01-03,,,RepAshleyHinson,1.34E+18,,,RepAshleyHinson
Marjorie,Greene,G000596,rep,Republican,GA,2025-01-03,2027-01-03,,,RepMTG,1.34E+18,repmtg,,RepMTGreene
Nikema,Williams,W000788,rep,Democrat,GA,2025-01-03,2027-01-03,,,RepNikema,1.35E+18,repnikema,,RepNikemaWilliams
Maria,Salazar,S000168,rep,Republican,FL,2025-01-03,2027-01-03,,,RepMariaSalazar,1.33E+18,repmariasalazar,,RepMariaSalazar
C.,Franklin,F000472,rep,Republican,FL,2025-01-03,2027-01-03,@RepFranklin,UCL1UGe8cgeicS97LX9EOUHQ,RepFranklin,1.34E+18,RepFranklin,,RepFranklin
Katherine,Cammack,C001039,rep,Republican,FL,2025-01-03,2027-01-03,,,RepKatCammack,1.34E+18,repkatcammack,,RepKatCammack
Lauren,Boebert,B000825,rep,Republican,CO,2025-01-03,2027-01-03,,,RepBoebert,1.34E+18,,,RepBoebert
Sara,Jacobs,J000305,rep,Democrat,CA,2025-01-03,2027-01-03,,,RepSaraJacobs,1.35E+18,repsarajacobs,,RepSaraJacobs
Young,Kim,K000397,rep,Republican,CA,2025-01-03,2027-01-03,@RepYoungKim,UCy-O5SyyNvoOAZ1ex9z1EXw,RepYoungKim,1.34E+18,repyoungkim,,RepYoungKim
Barry,Moore,M001212,rep,Republican,AL,2025-01-03,2027-01-03,,,RepBarryMoore,1.34E+18,,,RepBarryMoore
Tommy,Tuberville,T000278,sen,Republican,AL,2021-01-03,2027-01-03,,,SenTuberville,1.35E+18,sentuberville,,RogerMarshallMD
Ritchie,Torres,T000486,rep,Democrat,NY,2025-01-03,2027-01-03,@RepRitchie,UC332GOmhxGmHj3WRiHK4hFg,RepRitchie,1.28E+18,repritchie,,RepRitchie
Tracey,Mann,M000871,rep,Republican,KS,2025-01-03,2027-01-03,,,RepMann,1.35E+18,reptraceymann,,Congressman-Tracey-Mann-105522931489227
Cliff,Bentz,B000668,rep,Republican,OR,2025-01-03,2027-01-03,,,RepBentz,1.35E+18,repbentz,,RepBentz
Mariannette,Miller-Meeks,M001215,rep,Republican,IA,2025-01-03,2027-01-03,,,RepMMM,1.35E+18,,,RepMMM
Carlos,Gimenez,G000593,rep,Republican,FL,2025-01-03,2027-01-03,,,RepCarlos,1.34E+18,repcarlosfl,,RepCarlosGimenez
Cynthia,Lummis,L000571,sen,Republican,WY,2021-01-03,2027-01-03,,,SenLummis,22831059,sencynthialummis,,sencynthialummis
Teresa,Leger Fernandez,L000273,rep,Democrat,NM,2025-01-03,2027-01-03,@rep.teresalegerfernandez8059,UCrNf1uQEmfRZ0Q4G8pTzqfg,RepTeresaLF,1.35E+18,repteresalf,,RepTeresaLF
Jay,Obernolte,O000019,rep,Republican,CA,2025-01-03,2027-01-03,,,JayObernolte,272482466,,,
Marilyn,Strickland,S001159,rep,Democrat,WA,2025-01-03,2027-01-03,,,RepStricklandWA,1.34E+18,repstricklandwa,,RepStricklandWA
Ernest,Gonzales,G000594,rep,Republican,TX,2025-01-03,2027-01-03,,,RepTonyGonzales,1.34E+18,,,RepTonyGonzales
Deborah,Ross,R000305,rep,Democrat,NC,2025-01-03,2027-01-03,,,RepDeborahRoss,1.35E+18,repdeborahross,,RepDeborahRoss
Bill,Hagerty,H000601,sen,Republican,TN,2021-01-03,2027-01-03,,UCqLlLx05ScUwxVHvevyaDFg,SenatorHagerty,1.35E+18,senatorhagerty,,SenatorBillHagerty
Troy,Nehls,N000026,rep,Republican,TX,2025-01-03,2027-01-03,,,RepTroyNehls,1.35E+18,reptroynehls,,RepTroyNehls
Alejandro,Padilla,P000145,sen,Democrat,CA,2023-01-03,2029-01-03,,,SenAlexPadilla,1.35E+18,SenAlexPadilla,,SenAlexPadilla
Raphael,Warnock,W000790,sen,Democrat,GA,2023-01-03,2029-01-03,senatorwarnock,UCHuamKoqVHI0Wrt_cJ5Raaw,SenatorWarnock,1.35E+18,,,SenatorWarnock
Frank,Mrvan,M001214,rep,Democrat,IN,2025-01-03,2027-01-03,,,RepMrvan,1.35E+18,,,RepMrvan
Scott,Fitzgerald,F000471,rep,Republican,WI,2025-01-03,2027-01-03,,,RepFitzgerald,1004891731,,,CongressmanScottFitzgerald
Claudia,Tenney,T000478,rep,Republican,NY,2025-01-03,2027-01-03,,,RepTenney,7.97E+17,,,RepClaudiaTenney
Jon,Ossoff,O000174,sen,Democrat,GA,2021-01-20,2027-01-03,,,SenOssoff,1.36E+18,jonossoff,,SenOssoff
Shontel,Brown,B001313,rep,Democrat,OH,2025-01-03,2027-01-03,,,RepShontelBrown,1.46E+18,,,RepShontelBrown
Andrew,Clyde,C001116,rep,Republican,GA,2025-01-03,2027-01-03,,UC-o-UOnLuu8pZxZpShG4s7A,Rep_Clyde,1.36E+18,repclyde,,RepresentativeClyde
Mike,Carey,C001126,rep,Republican,OH,2025-01-03,2027-01-03,@congressmanmikecarey,UC4NoFq3K8yIGt-LZsxoKlcA,RepMikeCarey,1.46E+18,,,RepMikeCarey
Troy,Carter,C001125,rep,Democrat,LA,2025-01-03,2027-01-03,,,RepTroyCarter,1.35E+18,,,RepTroyCarter
Byron,Donalds,D000032,rep,Republican,FL,2025-01-03,2027-01-03,,UCjy0W7sksMz37IYY27tAZNQ,RepDonaldsPress,1.34E+18,byrondonalds,,
Jake,Ellzey,E000071,rep,Republican,TX,2025-01-03,2027-01-03,,,RepEllzey,1.37E+18,,,RepJakeEllzey
John,Hickenlooper,H000273,sen,Democrat,CO,2021-01-03,2027-01-03,,UCU6pcq-AZA9wnmIPBj6ePwQ,SenatorHick,1.32E+18,senatorhick,,SenatorHick
Darrell,Issa,I000056,rep,Republican,CA,2025-01-03,2027-01-03,,,repdarrellissa,63650107,,,congressmandarrellissa
Julia,Letlow,L000595,rep,Republican,LA,2025-01-03,2027-01-03,,,RepJuliaLetlow,1.38E+18,,,repjulialetlow
Pete,Sessions,S000250,rep,Republican,TX,2025-01-03,2027-01-03,@congressmanpetesessions,UCD-O0Y92UcMglKmoo7BHLsg,PeteSessions,24735461,congressmanpetesessions,,petesessions
Melanie,Stansbury,S001218,rep,Democrat,NM,2025-01-03,2027-01-03,,,Rep_Stansbury,1.40E+18,,,RepStansbury
Thomas,Tiffany,T000165,rep,Republican,WI,2025-01-03,2027-01-03,,,RepTiffany,1.27E+18,,,RepTiffany
Jefferson,Van Drew,V000133,rep,Republican,NJ,2025-01-03,2027-01-03,,UCc5AGO_bQLeiv313Bbr35fg,Congressman_JVD,1.47E+18,jeffvandrew,,CongressmanJVD
David,Valadao,V000129,rep,Republican,CA,2025-01-03,2027-01-03,,,RepDavidValadao,1128514404,,,CongressmanDavidValadao
Aaron,Bean,B001314,rep,Republican,FL,2025-01-03,2027-01-03,,,RepAaronBean,1.60E+18,RepAaronBean,,100089355874563
Nicole (Nikki),Budzinski,B001315,rep,Democrat,IL,2025-01-03,2027-01-03,,UCp0Ykb-qUGx3ekTH9MIEK-w,RepNikkiB,1.60E+18,repnikki,,RepNikkiBudzinski
Eric,Burlison,B001316,rep,Republican,MO,2025-01-03,2027-01-03,,UCuJFygzYhGiXMZHjhTQy20w,RepEricBurlison,1.61E+18,RepEricBurlison,,100089208900263
Becca,Balint,B001318,rep,Democrat,VT,2025-01-03,2027-01-03,,UCMC34yudOdRW3VNzocAlhtw,RepBeccaB,1.61E+18,repbeccab,,repbeccab
Mike,Collins,C001129,rep,Republican,GA,2025-01-03,2027-01-03,,,RepMikeCollins,1.60E+18,repmikecollins,,RepMikeCollinsGA
Jasmine,Crockett,C001130,rep,Democrat,TX,2025-01-03,2027-01-03,,,RepJasmine,1.61E+18,RepJasmine,,RepJasmine
Gregorio,Casar,C001131,rep,Democrat,TX,2025-01-03,2027-01-03,,,RepCasar,1.50E+18,RepCasar,,RepCasar
Eli,Crane,C001132,rep,Republican,AZ,2025-01-03,2027-01-03,@rep.elicrane,UCykNfz2jRqmkQjPqLZMUkyw,RepEliCrane,1.61E+18,,,100088851021670
Juan,Ciscomani,C001133,rep,Republican,AZ,2025-01-03,2027-01-03,,UCD329AYGX7YnMMSUaTKWHwA,RepCiscomani,1.60E+18,repjuanciscomani,,100089186535085
Chris,Deluzio,D000530,rep,Democrat,PA,2025-01-03,2027-01-03,,,RepDeluzio,1.61E+18,RepDeluzio,,RepChrisDeluzio
Mike,Ezell,E000235,rep,Republican,MS,2025-01-03,2027-01-03,,UCseRXy2_n4j97lndfkQ_hAw,RepEzell,1.60E+18,repmikeezell,,repezell
Charles (Chuck),Edwards,E000246,rep,Republican,NC,2025-01-03,2027-01-03,,,RepEdwards,1.60E+18,repchuckedwards,,RepChuckEdwards
Maxwell,Frost,F000476,rep,Democrat,FL,2025-01-03,2027-01-03,,,RepMaxwellFrost,1.61E+18,RepMaxwellFrost,,RepMaxwellFrost
Valerie,Foushee,F000477,rep,Democrat,NC,2025-01-03,2027-01-03,@RepValerieFoushee,UCWm1TIf2sX0QHrxlERoh6pw,ValerieFoushee,1.61E+18,repvaleriefoushee,,RepValerieFoushee
Russell,Fry,F000478,rep,Republican,SC,2025-01-03,2027-01-03,@reprussellfry,UCGqhocHaJykHufIXBg0sl7g,RepRussellFry,1.60E+18,reprussellfry,,reprussellfry
Robert,Garcia,G000598,rep,Democrat,CA,2025-01-03,2027-01-03,,,RepRobertGarcia,1.60E+18,RepRobertGarcia,,reprobertgarcia
Dan,Goldman,G000599,rep,Democrat,NY,2025-01-03,2027-01-03,,,RepDanGoldman,1.61E+18,repdangoldman,,RepDanGoldman
Marie,Gluesenkamp Perez,G000600,rep,Democrat,WA,2025-01-03,2027-01-03,@repmgp,UCo4paf7SbVdHOi67ayp1DDg,RepMGP,1.60E+18,repmgp,,RepMGP
Erin,Houchin,H001093,rep,Republican,IN,2025-01-03,2027-01-03,,,RepHouchin,1.60E+18,rephouchin,,RepHouchin
Valerie,Hoyle,H001094,rep,Democrat,OR,2025-01-03,2027-01-03,,,repvalhoyle,1.61E+18,RepHoyle,,repvalhoyle
Wesley,Hunt,H001095,rep,Republican,TX,2025-01-03,2027-01-03,,,RepWesleyHunt,1.60E+18,repwph,,RepWesleyHunt
Glenn,Ivey,I000058,rep,Democrat,MD,2025-01-03,2027-01-03,,,RepGlennIvey,1.61E+18,repglennivey,,RepGlennIvey
Thomas,Kean,K000398,rep,Republican,NJ,2025-01-03,2027-01-03,,,CongressmanKean,1.61E+18,congressmankean,,CongressmanKean
Kevin,Kiley,K000401,rep,Republican,CA,2025-01-03,2027-01-03,@repkevinkiley,UCRYWouIUelEtHYjASOHW4jA,RepKiley,1.61E+18,,,100089382125341
Anna,Luna,L000596,rep,Republican,FL,2025-01-03,2027-01-03,@RepLuna,UCU47SDE9H1U5CEqOkviBS5A,RepLuna,1.61E+18,repluna,,
Laurel,Lee,L000597,rep,Republican,FL,2025-01-03,2027-01-03,,,RepLaurelLee,1.61E+18,replaurellee,,RepLaurelLee
Nicolas,LaLota,L000598,rep,Republican,NY,2025-01-03,2027-01-03,,,RepLaLota,1.59E+18,replalota,,replalota
Michael,Lawler,L000599,rep,Republican,NY,2025-01-03,2027-01-03,@RepMikeLawler,UCcN-bNymt81c6GL1eElRyVg,RepMikeLawler,1.59E+18,RepMikeLawler,,RepMikeLawler
Morgan,Luttrell,L000603,rep,Republican,TX,2025-01-03,2027-01-03,,,RepLuttrell,1.60E+18,repluttrelltx,,100089328790942
Jared,Moskowitz,M001217,rep,Democrat,FL,2025-01-03,2027-01-03,@RepMoskowitz,UCXXNWp6uCWiBxlJxkU_zJeQ,RepMoskowitz,1.61E+18,repmoskowitz,,RepMoskowitz
Rich,McCormick,M001218,rep,Republican,GA,2025-01-03,2027-01-03,,,RepMcCormick,1.61E+18,reprichmccormick,,100089135203690
Morgan,McGarvey,M001220,rep,Democrat,KY,2025-01-03,2027-01-03,,,RepMcGarvey,1.61E+18,repmcgarvey,,RepMcGarvey
Kevin,Mullin,M001225,rep,Democrat,CA,2025-01-03,2027-01-03,,UCAenuXjUZagZyD4HQL7_2ZA,RepKevinMullin,1.61E+18,repkevinmullin,,CongressmanKevinMullin
Robert,Menendez,M001226,rep,Democrat,NJ,2025-01-03,2027-01-03,,,RepMenendez,1.60E+18,repmenendez,,repmenendez
Zachary (Zach),Nunn,N000193,rep,Republican,IA,2025-01-03,2027-01-03,,UCHcM0qd2GQ2CbOHSGZ06rrA,ZachNunn,1.61E+18,repzachnunn,,RepZachNunn
Patrick,Ryan,R000579,rep,Democrat,NY,2025-01-03,2027-01-03,,,RepPatRyanNY,1.57E+18,,,
Emilia,Sykes,S001223,rep,Democrat,OH,2025-01-03,2027-01-03,@repemiliasykes,UChlENkILRFCKhRn8Xx2kY1Q,RepEmiliaSykes,1.61E+18,RepEmiliaSykes,,repemiliasykes
Eric,Sorensen,S001225,rep,Democrat,IL,2025-01-03,2027-01-03,,,RepEricSorensen,1.61E+18,repericsorensen,,
Jill,Tokuda,T000487,rep,Democrat,HI,2025-01-03,2027-01-03,,UCBXwZrEZWQiSXebInVuYuvw,RepJillTokuda,1.61E+18,repjilltokuda,,RepJillTokuda
Shri,Thanedar,T000488,rep,Democrat,MI,2025-01-03,2027-01-03,,,RepShriThanedar,1.61E+18,RepShriThanedar,,CongressmanShriThanedar
Derrick,Van Orden,V000135,rep,Republican,WI,2025-01-03,2027-01-03,,,RepVanOrden,1.60E+18,RepVanOrden,,RepVanOrden
Rudy,Yakym,Y000067,rep,Republican,IN,2025-01-03,2027-01-03,,,RepRudyYakym,1.61E+18,,,RepRudyYakym
Mike,Flood,F000474,rep,Republican,NE,2025-01-03,2027-01-03,,,USRepMikeFlood,,,,Congressman-Mike-Flood-101986952582058
Brad,Finstad,F000475,rep,Republican,MN,2025-01-03,2027-01-03,@repfinstad,UC8eb5FpfNeQ1T4GvFNtlpqQ,RepFinstad,,repfinstad,,RepFinstad
Ryan,Zinke,Z000018,rep,Republican,MT,2025-01-03,2027-01-03,,,RepRyanZinke,,RepRyanZinke,,RepRyanZinke
Katie,Britt,B001319,sen,Republican,AL,2023-01-03,2029-01-03,,UCbrYQF8n5ftTPqn8ZNo5vYw,SenKatieBritt,,senkatiebritt,,senkatiebritt
Eric,Schmitt,S001227,sen,Republican,MO,2023-01-03,2029-01-03,@senericschmitt,UCgyC2tN1cEYjpJgqkULHdEA,SenEricSchmitt,,senericschmitt,,116059838031776
Dale,Strong,S001220,rep,Republican,AL,2025-01-03,2027-01-03,,,RepDaleStrong,,repdalestrong,,repdalestrong
Sydney,Kamlager-Dove,K000400,rep,Democrat,CA,2025-01-03,2027-01-03,,,RepKamlagerDove,,rep_kamlagerdove,,RepKamlagerDove
Brittany,Pettersen,P000620,rep,Democrat,CO,2025-01-03,2027-01-03,,,reppettersen,,reppettersen,,repbrittanypettersen
Cory,Mills,M001216,rep,Republican,FL,2025-01-03,2027-01-03,,,RepMillsPress,,repcorymills,,100089218152197
James (Jim),Moylan,M001219,rep,Republican,GU,2025-01-03,2027-01-03,,,JMoylanforGuam,,repjamesmoylan,,100089324793869
Delia,Ramirez,R000617,rep,Democrat,IL,2025-01-03,2027-01-03,,,repdeliaramirez,,repdeliaramirez,,Repdeliaramirez
Hillary,Scholten,S001221,rep,Democrat,MI,2025-01-03,2027-01-03,,,RepScholten,,RepScholten,,100089476625799
John,James,J000307,rep,Republican,MI,2025-01-03,2027-01-03,@RepJohnJames,UCjsRaXe7cnwNoy15ARClqGw,RepJames,,RepJohnJames,,RepJohnJames
Mark,Alford,A000379,rep,Republican,MO,2025-01-03,2027-01-03,@RepAlford,UC0IVg3K5cxZw724kyiTrn5w,RepMarkAlford,,RepMarkAlford,,100089595940547
Donald,Davis,D000230,rep,Democrat,NC,2025-01-03,2027-01-03,,,RepDonDavis,,RepDonDavis,,RepDonDavis
Gabriel (Gabe),Vasquez,V000136,rep,Democrat,NM,2025-01-03,2027-01-03,,,RepGabeVasquez,,RepGabeVasquez,,100089328694464
Nicholas,Langworthy,L000600,rep,Republican,NY,2025-01-03,2027-01-03,,,RepLangworthy,,replangworthy,,RepLangworthy
Greg,Landsman,L000601,rep,Democrat,OH,2025-01-03,2027-01-03,,,repgreglandsman,,repgreglandsman,,RepGregLandsman
Max,Miller,M001222,rep,Republican,OH,2025-01-03,2027-01-03,@RepMaxMiller,UC7XmOqXKLsDirQGS5VDM9OA,repmaxmiller,,repmaxmiller,,CongressmanMaxMiller
Josh,Brecheen,B001317,rep,Republican,OK,2025-01-03,2027-01-03,,UCSX3nV53o-1-e0nFA6pPs2w,repbrecheen,,repbrecheen,,100089040632497
Andrea,Salinas,S001226,rep,Democrat,OR,2025-01-03,2027-01-03,,,repsalinas,,repsalinas,,RepSalinas
Summer,Lee,L000602,rep,Democrat,PA,2025-01-03,2027-01-03,,UCqQJ44qlkVxWV5N12YeacyA,RepSummerLee,,repsummerlee,,RepSummerLee
Seth,Magaziner,M001223,rep,Democrat,RI,2025-01-03,2027-01-03,,,Rep_Magaziner,,,,repsethmagaziner
Andrew,Ogles,O000175,rep,Republican,TN,2025-01-03,2027-01-03,,,repogles,,repandyogles,,RepAndyOgles
Nathaniel,Moran,M001224,rep,Republican,TX,2025-01-03,2027-01-03,@RepNateMoran,UCXgzjVz7TTspLm0OJ1ASyaA,RepNateMoran,,RepNateMoran,,RepNateMoran
Keith,Self,S001224,rep,Republican,TX,2025-01-03,2027-01-03,,,repkeithself,,repkeithself,,repkeithself
Mónica,De La Cruz,D000594,rep,Republican,TX,2025-01-03,2027-01-03,@RepMonicaDLC,UCnrrkEmvCSPttUPo_44VAHg,RepMonicaDLC,,RepMonicaDLC,,RepMonicaDLC
Jennifer,Kiggans,K000399,rep,Republican,VA,2025-01-03,2027-01-03,@repjenkiggans,UCL7_lHDJZMvztRlQb_RLFfw,RepJenKiggans,,repjenkiggans,,repjenkiggans
Harriet,Hageman,H001096,rep,Republican,WY,2025-01-03,2027-01-03,@rephageman,UCYafjxwsbUrWxavqKPY4B-A,RepHageman,,,,
Pete,Ricketts,R000618,sen,Republican,NE,2024-11-05,2027-01-03,@SenatorRicketts,UCw6WLKiRIEzBnmeECqAyHsg,SenatorRicketts,,SenatorRicketts,,SenatorRicketts
Jennifer,McClellan,M001227,rep,Democrat,VA,2025-01-03,2027-01-03,,,RepMcClellan,,repmcclellan,,
Gabe,Amo,A000380,rep,Democrat,RI,2025-01-03,2027-01-03,,,RepGabeAmo,,repgabeamo,,61553581414066
Celeste,Maloy,M001228,rep,Republican,UT,2025-01-03,2027-01-03,@RepCelesteMaloy,UCqHNoy1lbxNZhbMQUuxkb1Q,RepMaloyUtah,,RepCelesteMaloy,,61555755717517
Thomas,Suozzi,S001201,rep,Democrat,NY,2025-01-03,2027-01-03,,,reptomsuozzi,,,,RepTomSuozzi
Timothy,Kennedy,K000402,rep,Democrat,NY,2025-01-03,2027-01-03,@reptimkennedy,UCDB-BzTPkdKjZvWLdRa0lUA,reptimkennedy,,reptimkennedy,,reptimkennedy
Vince,Fong,F000480,rep,Republican,CA,2025-01-03,2027-01-03,,,RepVinceFong,,repvincefong,,
LaMonica,McIver,M001229,rep,Democrat,NJ,2025-01-03,2027-01-03,,,RepLaMonica,,replamonica,,RepLaMonica
Tony,Wied,W000829,rep,Republican,WI,2025-01-03,2027-01-03,,,RepTonyWied,,reptonywied,,61568624194199
Cleo,Fields,F000110,rep,Democrat,LA,2025-01-03,2027-01-03,,,repfields,,repcleofields_,,Congressman-Cleo-Fields
Marlin,Stutzman,S001188,rep,Republican,IN,2025-01-03,2027-01-03,,,RepStutzman,,repstutzman,,repstutzman
Bernie,Moreno,M001242,sen,Republican,OH,2025-01-03,2031-01-03,,,berniemoreno,,Berniemorenoforohio,,
Nicholas,Begich,B001323,rep,Republican,AK,2025-01-03,2027-01-03,,,repnickbegich,,RepNickBegich,,RepNickBegich
Shomari,Figures,F000481,rep,Democrat,AL,2025-01-03,2027-01-03,,,repscfigures,,repscfigures,,congressman.shomari.figures
Yassamin,Ansari,A000381,rep,Democrat,AZ,2025-01-03,2027-01-03,,,RepYassAnsari,,RepYassAnsari,,RepYassAnsari
Lateefah,Simon,S001231,rep,Democrat,CA,2025-01-03,2027-01-03,,,RepLSimon,,RepLSimon,,RepLSimon
Adam,Gray,G000605,rep,Democrat,CA,2025-01-03,2027-01-03,,,RepAdamGrayCA,,repadamgrayca,,repadamgrayca
Sam,Liccardo,L000607,rep,Democrat,CA,2025-01-03,2027-01-03,,,repliccardo,,repliccardo,,
George,Whitesides,W000830,rep,Democrat,CA,2025-01-03,2027-01-03,,,Rep_Whitesides,,repwhitesides,,repwhitesides
Luz,Rivas,R000620,rep,Democrat,CA,2025-01-03,2027-01-03,,,RepLuzRivas,,RepLuzRivas,,congresswomanluzrivas
Laura,Friedman,F000483,rep,Democrat,CA,2025-01-03,2027-01-03,,,RepFriedmanCA,,RepLauraFriedman,,RepLauraFriedman
Jeff,Hurd,H001100,rep,Republican,CO,2025-01-03,2027-01-03,,UCETJIbCBqsc2x9X1eT7g5bw,RepJeffHurd,,repjeffhurd,,61571570223582
Jeff,Crank,C001137,rep,Republican,CO,2025-01-03,2027-01-03,,,RepJeffCrank,,repjeffcrank,,RepJeffCrank
Gabe,Evans,E000300,rep,Republican,CO,2025-01-03,2027-01-03,,,repgabeevans,,RepGabeEvans,,RepGabeEvans
Mike,Haridopolos,H001099,rep,Republican,FL,2025-01-03,2027-01-03,,,repharidopolos,,,,
Brian,Jack,J000311,rep,Republican,GA,2025-01-03,2027-01-03,,,RepBrianJack,,repbrianjack,,RepBrianJack
Jefferson,Shreve,S001229,rep,Republican,IN,2025-01-03,2027-01-03,,,repshreve,,repshreve,,RepJeffersonShreve
Derek,Schmidt,S001228,rep,Republican,KS,2025-01-03,2027-01-03,,,repderekschmidt,,repderekschmidt,,repderekschmidt
Johnny,Olszewski,O000176,rep,Democrat,MD,2025-01-03,2027-01-03,,,RepJohnnyO,,repjohnnyo,,
Sarah,Elfreth,E000301,rep,Democrat,MD,2025-01-03,2027-01-03,,,repsarahelfreth,,RepSarahElfreth,,RepSarahElfreth
April,McClain Delaney,M001232,rep,Democrat,MD,2025-01-03,2027-01-03,,,RepAprilDelaney,,repaprildelaney,,RepAprilDelaney
Tom,Barrett,B001321,rep,Republican,MI,2025-01-03,2027-01-03,,,reptombarrett,,,,RepTomBarrett
Kristen,McDonald Rivet,M001237,rep,Democrat,MI,2025-01-03,2027-01-03,,,repkmr,,repmcdonaldrivet,,repmcdonaldrivet
Kelly,Morrison,M001234,rep,Democrat,MN,2025-01-03,2027-01-03,,,kellymorrisonmn,,kellymorrisonmn,,repkellymorrison
Wesley,Bell,B001324,rep,Democrat,MO,2025-01-03,2027-01-03,,,RepWesleyBellMO,,,,61571538239904
Robert,Onder,O000177,rep,Republican,MO,2025-01-03,2027-01-03,,,RepBobOnder,,repbobonder,,RepBobOnder
Kimberlyn,King-Hinds,K000404,rep,Republican,MP,2025-01-03,2027-01-03,,,RepKimKingHinds,,RepKimKingHinds,,61571529818077
Troy,Downing,D000634,rep,Republican,MT,2025-01-03,2027-01-03,,,reptroydowning,,reptroydowning,,reptroydowning
Addison,McDowell,M001240,rep,Republican,NC,2025-01-03,2027-01-03,,,RepMcDowell,,repmcdowell,,RepMcDowell
Mark,Harris,H001102,rep,Republican,NC,2025-01-03,2027-01-03,,,RepMarkHarrisNC,,repmarkharris,,RepMarkHarris
Pat,Harrigan,H001101,rep,Republican,NC,2025-01-03,2027-01-03,,,RepPatHarrigan,,RepPatHarrigan,,RepPatHarrigan
Brad,Knott,K000405,rep,Republican,NC,2025-01-03,2027-01-03,,,RepKnott,,repknott,,61571474013264
Tim,Moore,M001236,rep,Republican,NC,2025-01-03,2027-01-03,,,RepTimMooreNC,,reptimmoore,,CongressmanTimMoore
Julie,Fedorchak,F000482,rep,Republican,ND,2025-01-03,2027-01-03,,,RepFedorchak,,RepJulieFedorchak,,RepJulieFedorchak
Maggie,Goodlander,G000604,rep,Democrat,NH,2025-01-03,2027-01-03,,,RepGoodlander,,repgoodlander,,61571606604866
Herbert,Conaway,C001136,rep,Democrat,NJ,2025-01-03,2027-01-03,,,RepHerbConaway,,,,
Nellie,Pou,P000621,rep,Democrat,NJ,2025-01-03,2027-01-03,,,caohouse,,housecreativeservices,,CAOHouseofReps
Laura,Gillen,G000602,rep,Democrat,NY,2025-01-03,2027-01-03,,,RepLauraGillen,,replauragillen,,replauragillen
George,Latimer,L000606,rep,Democrat,NY,2025-01-03,2027-01-03,,,RepGLatimer,,repglatimer,,61571201977917
John,Mannion,M001231,rep,Democrat,NY,2025-01-03,2027-01-03,,,JohnMannionNY22,,congressmannion,,CongressmanJohnMannion
David,Taylor,T000490,rep,Republican,OH,2025-01-03,2027-01-03,,,RepDaveTaylor,,repdavetaylor,,61571224837800
Maxine,Dexter,D000635,rep,Democrat,OR,2025-01-03,2027-01-03,,,RepDexterOR,,repdexteror,,RepDexterOR
Janelle,Bynum,B001326,rep,Democrat,OR,2025-01-03,2027-01-03,,,RepBynum,,repbynum,,repbynum
Ryan,Mackenzie,M001230,rep,Republican,PA,2025-01-03,2027-01-03,,,RepMackenzie,,RepMackenzie,,repmackenzie
Robert,Bresnahan,B001327,rep,Republican,PA,2025-01-03,2027-01-03,,,RepBresnahan,,RepBresnahan,,RepBresnahan
Pablo José,Hernández Rivera,H001103,rep,Democrat,PR,2025-01-03,2027-01-03,,,reppablojose,,reppablojose,,61569891687422
Sheri,Biggs,B001325,rep,Republican,SC,2025-01-03,2027-01-03,,,repsheribiggs,,RepSheriBiggs,,RepSheriBiggs
Craig,Goldman,G000601,rep,Republican,TX,2025-01-03,2027-01-03,,,RepCraigGoldman,,repcraiggoldman,,61571449239416
Brandon,Gill,G000603,rep,Republican,TX,2025-01-03,2027-01-03,,,repbrandongill,,repbrandongill,,RepBrandonGill
Julie,Johnson,J000310,rep,Democrat,TX,2025-01-03,2027-01-03,,,RepJulieJohnson,,repjuliejohnson,,61569064997067
Mike,Kennedy,K000403,rep,Republican,UT,2025-01-03,2027-01-03,,,repmikekennedy,,repmikekennedy,,RepMikeKennedy
John,McGuire,M001239,rep,Republican,VA,2025-01-03,2027-01-03,,,RepJohnMcGuire,,repjohnmcguire,,RepJohnMcGuire
Eugene,Vindman,V000138,rep,Democrat,VA,2025-01-03,2027-01-03,,,RepVindman,,repvindman,,CongressmanEugeneVindman
Suhas,Subramanyam,S001230,rep,Democrat,VA,2025-01-03,2027-01-03,,,RepSuhas,,repsuhas,,RepSuhasSubramanyam
Michael,Baumgartner,B001322,rep,Republican,WA,2025-01-03,2027-01-03,,,repbaumgartner,,repbaumgartner,,RepBaumgartner
Riley,Moore,M001235,rep,Republican,WV,2025-01-03,2027-01-03,,,RepRileyMoore,,reprileymoore,,
Adam,Schiff,S001150,sen,Democrat,CA,2025-01-03,2031-01-03,adamschiff,UCadiUi-KZoFk1K5ZDsluLcA,,,SenAdamSchiff,,SenAdamSchiff
Andy,Kim,K000394,sen,Democrat,NJ,2025-01-03,2031-01-03,,,,,SenatorAndyKim,,SenatorAndyKim
Sheila,Cherfilus-McCormick,C001127,rep,Democrat,FL,2025-01-03,2027-01-03,,,,,,,congresswomanSCM
John,Fetterman,F000479,sen,Democrat,PA,2023-01-03,2029-01-03,,,,,senfettermanpa,,SenFettermanPA
Jonathan,Jackson,J000309,rep,Democrat,IL,2025-01-03,2027-01-03,,,,,repjackson,,repjackson
Gilbert,Cisneros,C001123,rep,Democrat,CA,2025-01-03,2027-01-03,,,,,repgilcisneros,,RepGilCisneros
Angela,Alsobrooks,A000382,sen,Democrat,MD,2025-01-03,2031-01-03,,,,,sen_alsobrooks,,SenatorAlsobrooks
Dave,McCormick,M001243,sen,Republican,PA,2025-01-03,2031-01-03,@SenMcCormickPA,UCgQfTNRrFKHVES1JYA7mz1w,,,senmccormickpa,,SenMcCormickPA
Sarah,McBride,M001238,rep,Democrat,DE,2025-01-03,2027-01-03,,,,,congresswomansarahmcbride,,CongresswomanSarahMcBride
Mark,Messmer,M001233,rep,Republican,IN,2025-01-03,2027-01-03,,,,,HouseRepublicans,,CongressmanMessmer
Josh,Riley,R000622,rep,Democrat,NY,2025-01-03,2027-01-03,,,,,RepRileyNY,,RepRileyNY
Jim,Justice,J000312,sen,Republican,WV,2025-01-14,2031-01-03,,,,,senjimjustice,,100044187231175
Lance,Gooden,G000589,rep,Republican,TX,2025-01-03,2027-01-03,,UCaEs0pYlL_1cLlPBHfl0RIg,,,,,