first,last,id.bioguide,current_type,current_party,current_state,term_start,term_end,social.youtube,social.youtube_id,social.twitter,social.twitter_id,social.instagram,social.instagram_id,social.facebook,youtube_url
Aumua Amata,Radewagen,R000600,rep,Republican,AS,2025-01-03,2027-01-03,,UCGdrLQbt1PYDTPsampx4t1A,RepAmata,3026622545.0,,,aumuaamata,https://www.youtube.com/channel/UCGdrLQbt1PYDTPsampx4t1A
Steve,Womack,W000809,rep,Republican,AR,2025-01-03,2027-01-03,CongressmanWomack,UCXJbUDLYX-wGIhRuN66hqZw,Rep_SteveWomack,234469322.0,rep_stevewomack,,RepSteveWomack,https://www.youtube.com/channel/UCXJbUDLYX-wGIhRuN66hqZw
Frederica,Wilson,W000808,rep,Democrat,FL,2025-01-03,2027-01-03,repfredericawilson,UCP5QBhng_lHv-vJgE_h7lpA,RepWilson,234014087.0,repwilson,,RepWilson,https://www.youtube.com/channel/UCP5QBhng_lHv-vJgE_h7lpA
Daniel,Webster,W000806,rep,Republican,FL,2025-01-03,2027-01-03,repdanwebster,UCCoX4VdU7U11eGEA0lbRtLw,RepWebster,281540744.0,,,RepWebster,https://www.youtube.com/channel/UCCoX4VdU7U11eGEA0lbRtLw
Robert,Wittman,W000804,rep,Republican,VA,2025-01-03,2027-01-03,RobWittman,UCIqIb-OaTbkIdU426eYIdPg,RobWittman,15356407.0,reprobwittman,,RepRobWittman,https://www.youtube.com/channel/UCIqIb-OaTbkIdU426eYIdPg
Tim,Walberg,W000798,rep,Republican,MI,2025-01-03,2027-01-03,RepWalberg,UChpf3_3Wn8f3qSJbsYXrhvg,RepWalberg,237862972.0,repwalberg,,RepWalberg,https://www.youtube.com/channel/UChpf3_3Wn8f3qSJbsYXrhvg
Debbie,Wasserman Schultz,W000797,rep,Democrat,FL,2025-01-03,2027-01-03,RepWassermanSchultz,UCfHQiJVvMlYbVAxrMSLdO4w,RepDWStweets,1140648348.0,RepDWSTweets,,RepDWS,https://www.youtube.com/channel/UCfHQiJVvMlYbVAxrMSLdO4w
Joe,Wilson,W000795,rep,Republican,SC,2025-01-03,2027-01-03,RepJoeWilson,UC3aR1B8m7Z1uycO65yDnpCg,RepJoeWilson,254082173.0,repjoewilson,519685522.0,JoeWilson,https://www.youtube.com/channel/UC3aR1B8m7Z1uycO65yDnpCg
Maxine,Waters,W000187,rep,Democrat,CA,2025-01-03,2027-01-03,MaxineWaters,UCOQ2js1VYFlo74n7Ns8WsLQ,RepMaxineWaters,36686040.0,repmaxinewaters,,MaxineWaters,https://www.youtube.com/channel/UCOQ2js1VYFlo74n7Ns8WsLQ
Nydia,Velázquez,V000081,rep,Democrat,NY,2025-01-03,2027-01-03,nydiavelazquez,UCqMKPkKeeHFOOiZ9vxhXGVg,NydiaVelazquez,164369297.0,,,8037068318,https://www.youtube.com/channel/UCqMKPkKeeHFOOiZ9vxhXGVg
Paul,Tonko,T000469,rep,Democrat,NY,2025-01-03,2027-01-03,reppaultonko,UC3P2SGFmmuCYRsjeso0hOQQ,RepPaulTonko,84119348.0,reppaultonko,,reppaultonko,https://www.youtube.com/channel/UC3P2SGFmmuCYRsjeso0hOQQ
Dina,Titus,T000468,rep,Democrat,NV,2025-01-03,2027-01-03,CongresswomanTitus,UC_US4jNqECuMSNrB7yVCbbw,RepDinaTitus,122174004.0,dinatitusnv,1110185253.0,CongresswomanTitus,https://www.youtube.com/channel/UC_US4jNqECuMSNrB7yVCbbw
Glenn,Thompson,T000467,rep,Republican,PA,2025-01-03,2027-01-03,CongressmanGT,UCNWX7lbWWvnNdzVMFI9DRiQ,CongressmanGT,18967498.0,congressman_gt,,CongressmanGT,https://www.youtube.com/channel/UCNWX7lbWWvnNdzVMFI9DRiQ
Michael,Turner,T000463,rep,Republican,OH,2025-01-03,2027-01-03,CongressmanTurner,UC-6Ss-aZ3OPisf9GdVGtN8g,RepMikeTurner,51228911.0,repmiketurner,,RepMikeTurner,https://www.youtube.com/channel/UC-6Ss-aZ3OPisf9GdVGtN8g
Mike,Thompson,T000460,rep,Democrat,CA,2025-01-03,2027-01-03,CongressmanMThompson,UC6pGbtqHZYZmScFGSz5bbdg,RepThompson,303861808.0,,,RepMikeThompson,https://www.youtube.com/channel/UC6pGbtqHZYZmScFGSz5bbdg
Bennie,Thompson,T000193,rep,Democrat,MS,2025-01-03,2027-01-03,RepBennieThompson,UCzt2pBxh0dI24kYrWretXRw,BennieGThompson,82453460.0,benniegthompson,347410575.0,CongressmanBennieGThompson,https://www.youtube.com/channel/UCzt2pBxh0dI24kYrWretXRw
Austin,Scott,S001189,rep,Republican,GA,2025-01-03,2027-01-03,RepAustinScott,UC5M7eKHKQStktMyjieiHYZQ,AustinScottGA08,234797704.0,,,RepAustinScott,https://www.youtube.com/channel/UC5M7eKHKQStktMyjieiHYZQ
Terri,Sewell,S001185,rep,Democrat,AL,2025-01-03,2027-01-03,RepSewell,UCHkEHtfrfUWOFtbUFQTQH7Q,RepTerriSewell,381152398.0,repterriasewell,,RepSewell,https://www.youtube.com/channel/UCHkEHtfrfUWOFtbUFQTQH7Q
David,Schweikert,S001183,rep,Republican,AZ,2025-01-03,2027-01-03,RepDavidSchweikert,UCVvuNVzkOUp7p_Pzkc6Zuvw,RepDavid,229197216.0,repdavid,181147397.0,repdavidschweikert,https://www.youtube.com/channel/UCVvuNVzkOUp7p_Pzkc6Zuvw
Steve,Scalise,S001176,rep,Republican,LA,2025-01-03,2027-01-03,RepSteveScalise,UCmYveHBVXVBRxl7GiCL-gjw,SteveScalise,1209417007.0,stevescalise,1210937919.0,RepSteveScalise,https://www.youtube.com/channel/UCmYveHBVXVBRxl7GiCL-gjw
Adrian,Smith,S001172,rep,Republican,NE,2025-01-03,2027-01-03,RepAdrianSmith,UCIgn2z-hwxx_aeggnyhv54Q,RepAdrianSmith,296245061.0,RepAdrianSmith,,repadriansmith,https://www.youtube.com/channel/UCIgn2z-hwxx_aeggnyhv54Q
David,Scott,S001157,rep,Democrat,GA,2025-01-03,2027-01-03,RepDavidScott,UCgf28zRkLSqAUiPuJhGdF0w,RepDavidScott,168673083.0,RepDavidScott,,113303673339,https://www.youtube.com/channel/UCgf28zRkLSqAUiPuJhGdF0w
Linda,Sánchez,S001156,rep,Democrat,CA,2025-01-03,2027-01-03,LindaTSanchez,UCu1K6uHxjMgj2mvzM7O9-ow,RepLindaSanchez,312134473.0,replindasanchez,,CongresswomanLindaSanchez,https://www.youtube.com/channel/UCu1K6uHxjMgj2mvzM7O9-ow
Michael,Simpson,S001148,rep,Republican,ID,2025-01-03,2027-01-03,CongMikeSimpson,UCNXe0rJJeULTAP_7oyQNw8g,CongMikeSimpson,76132891.0,congressmanmikesimpson,,96007744606,https://www.youtube.com/channel/UCNXe0rJJeULTAP_7oyQNw8g
Janice,Schakowsky,S001145,rep,Democrat,IL,2025-01-03,2027-01-03,repschakowsky,UCuCHHPSENUEaaeH8n_CYDXQ,JanSchakowsky,24195214.0,JanSchakowsky,,janschakowsky,https://www.youtube.com/channel/UCuCHHPSENUEaaeH8n_CYDXQ
Adam,Smith,S000510,rep,Democrat,WA,2025-01-03,2027-01-03,CongressmanAdamSmith,UCcrHso483LOfC6WwDnzAh-g,RepAdamSmith,58928690.0,repadamsmith,,RepAdamSmith,https://www.youtube.com/channel/UCcrHso483LOfC6WwDnzAh-g
Brad,Sherman,S000344,rep,Democrat,CA,2025-01-03,2027-01-03,shermanca27,UCPisrz6-SLwVy2l9Mcy8kug,BradSherman,30216513.0,congressmansherman,,63158229861,https://www.youtube.com/channel/UCPisrz6-SLwVy2l9Mcy8kug
Robert,Scott,S000185,rep,Democrat,VA,2025-01-03,2027-01-03,repbobbyscott,UCdNNcpw8arCsUp55JwK_QAA,BobbyScott,161791703.0,repbobbyscott,1173348983.0,RepBobbyScott,https://www.youtube.com/channel/UCdNNcpw8arCsUp55JwK_QAA
Mike,Rogers,R000575,rep,Republican,AL,2025-01-03,2027-01-03,MikeRogersAL03,UCH-WUWuY0_dlKwJDSqKTJsg,RepMikeRogersAL,33977070.0,repmikerogersal,259435765.0,CongressmanMikeDRogers,https://www.youtube.com/channel/UCH-WUWuY0_dlKwJDSqKTJsg
Harold,Rogers,R000395,rep,Republican,KY,2025-01-03,2027-01-03,RepHalRogers,UChVFKLZkRoHQDhp4zNvEezQ,RepHalRogers,550401754.0,rephalrogers,,CongressmanHalRogers,https://www.youtube.com/channel/UChVFKLZkRoHQDhp4zNvEezQ
Mike,Quigley,Q000023,rep,Democrat,IL,2025-01-03,2027-01-03,RepMikeQuigley,UCDP13XegdoZ4bxYHxM34yAA,RepMikeQuigley,56864092.0,repmikequigley,1403659583.0,repmikequigley,https://www.youtube.com/channel/UCDP13XegdoZ4bxYHxM34yAA
Chellie,Pingree,P000597,rep,Democrat,ME,2025-01-03,2027-01-03,congresswomanpingree,UCLKaWFM7I84WcreDRhhhkVg,ChelliePingree,14984637.0,chelliepingree,,ChelliePingree,https://www.youtube.com/channel/UCLKaWFM7I84WcreDRhhhkVg
Nancy,Pelosi,P000197,rep,Democrat,CA,2025-01-03,2027-01-03,nancypelosi,UCxPeEcH0xaCK9nBK98EFhDg,SpeakerPelosi,15764644.0,,,NancyPelosi,https://www.youtube.com/channel/UCxPeEcH0xaCK9nBK98EFhDg
Frank,Pallone,P000034,rep,Democrat,NJ,2025-01-03,2027-01-03,repfrankpallone,UCN0_wn9hs1LI3UKkji2PP2A,FrankPallone,31801993.0,repfrankpallone,,repfrankpallone,https://www.youtube.com/channel/UCN0_wn9hs1LI3UKkji2PP2A
Eleanor,Norton,N000147,rep,Democrat,DC,2025-01-03,2027-01-03,EleanorHNorton,UChRrAXUGylfxJjbquC6aUjQ,EleanorNorton,23600262.0,congresswomannorton,,CongresswomanNorton,https://www.youtube.com/channel/UChRrAXUGylfxJjbquC6aUjQ
Richard,Neal,N000015,rep,Democrat,MA,2025-01-03,2027-01-03,RepRichardENeal,UCZVtTydu0-MSK6G12GaKA4g,RepRichardNeal,442824717.0,,,reprichardneal,https://www.youtube.com/channel/UCZVtTydu0-MSK6G12GaKA4g
Jerrold,Nadler,N000002,rep,Democrat,NY,2025-01-03,2027-01-03,congressmannadler,UCQKj0qU1e7o2f5ftSh-c9aQ,RepJerryNadler,40302336.0,,,CongressmanNadler,https://www.youtube.com/channel/UCQKj0qU1e7o2f5ftSh-c9aQ
Tom,McClintock,M001177,rep,Republican,CA,2025-01-03,2027-01-03,McClintockCA04,UCMh04KC4LfIzKoXh2Xws_pw,RepMcClintock,50152441.0,repmcclintock,,81125319109,https://www.youtube.com/channel/UCMh04KC4LfIzKoXh2Xws_pw
Doris,Matsui,M001163,rep,Democrat,CA,2025-01-03,2027-01-03,RepDorisMatsui,UCSqqxVkvskHq3cY2MCbTZsw,DorisMatsui,38254095.0,repdorismatsui,,doris.matsui,https://www.youtube.com/channel/UCSqqxVkvskHq3cY2MCbTZsw
Gwen,Moore,M001160,rep,Democrat,WI,2025-01-03,2027-01-03,RepGwenMoore,UCCs9o1XaSsCsqNpO0iO0_Ew,RepGwenMoore,22669526.0,RepGwenMoore,,GwenSMoore,https://www.youtube.com/channel/UCCs9o1XaSsCsqNpO0iO0_Ew
Michael,McCaul,M001157,rep,Republican,TX,2025-01-03,2027-01-03,MichaelTMcCaul,UCRw6sGE0PH7_FCeTT3PQRaA,RepMcCaul,26424123.0,congressman_mccaul,,michaeltmccaul,https://www.youtube.com/channel/UCRw6sGE0PH7_FCeTT3PQRaA
Betty,McCollum,M001143,rep,Democrat,MN,2025-01-03,2027-01-03,BMcCollum04,UC3sZJSdiZo2EBHbsOlsnI7A,BettyMcCollum04,516880804.0,repbettymccollum,,repbettymccollum,https://www.youtube.com/channel/UC3sZJSdiZo2EBHbsOlsnI7A
Gregory,Meeks,M001137,rep,Democrat,NY,2025-01-03,2027-01-03,gwmeeks,UCljJnwgQS6Z6-NypDyqKJZQ,RepGregoryMeeks,22812754.0,repgregorymeeks,,gregorymeeksny05,https://www.youtube.com/channel/UCljJnwgQS6Z6-NypDyqKJZQ
James,McGovern,M000312,rep,Democrat,MA,2025-01-03,2027-01-03,repjimmcgovern,UCpiUqp2ZF64tXqgR_EQo27g,RepMcGovern,242426145.0,repmcgovern,,RepJimMcGovern,https://www.youtube.com/channel/UCpiUqp2ZF64tXqgR_EQo27g
Robert,Latta,L000566,rep,Republican,OH,2025-01-03,2027-01-03,CongressmanBobLatta,UCVSBVHoWu-eWnBBQaMKZ_sQ,BobLatta,15394954.0,boblatta,26367713.0,boblatta,https://www.youtube.com/channel/UCVSBVHoWu-eWnBBQaMKZ_sQ
Stephen,Lynch,L000562,rep,Democrat,MA,2025-01-03,2027-01-03,RepLynch,UCxL4zG0YWqC5XTO4af_FOgw,RepStephenLynch,310310133.0,repstephenlynch,,repstephenlynch,https://www.youtube.com/channel/UCxL4zG0YWqC5XTO4af_FOgw
Rick,Larsen,L000560,rep,Democrat,WA,2025-01-03,2027-01-03,congressmanlarsen,UCMv7LsJtiyO4AJcbRux5CxQ,RepRickLarsen,404132211.0,repricklarsen,,RepRickLarsen,https://www.youtube.com/channel/UCMv7LsJtiyO4AJcbRux5CxQ
John,Larson,L000557,rep,Democrat,CT,2025-01-03,2027-01-03,RepJohnLarson,UCGPsvFF-9WfpdRSCcCrPLiQ,RepJohnLarson,50452197.0,RepJohnBLarson,,RepJohnLarson,https://www.youtube.com/channel/UCGPsvFF-9WfpdRSCcCrPLiQ
Frank,Lucas,L000491,rep,Republican,OK,2025-01-03,2027-01-03,RepFrankLucas,UCdYZbKY8pkWAThqwC3fdVMg,RepFrankLucas,242772524.0,repfranklucas,,RepFrankLucas,https://www.youtube.com/channel/UCdYZbKY8pkWAThqwC3fdVMg
Zoe,Lofgren,L000397,rep,Democrat,CA,2025-01-03,2027-01-03,RepZoeLofgren,UCOaQ79adORFcaTuJZoIFuZQ,RepZoeLofgren,267938462.0,,,zoelofgren,https://www.youtube.com/channel/UCOaQ79adORFcaTuJZoIFuZQ
Mike,Kelly,K000376,rep,Republican,PA,2025-01-03,2027-01-03,repmikekelly,UCoz6u3ooQxoijsWvhoQ0D-A,MikeKellyPA,935368364.0,,,191056827594903,https://www.youtube.com/channel/UCoz6u3ooQxoijsWvhoQ0D-A
William,Keating,K000375,rep,Democrat,MA,2025-01-03,2027-01-03,RepBillKeating,UC7KPV4xdxO2dms9vl6tETmg,USRepKeating,232992031.0,,,Congressman.Keating,https://www.youtube.com/channel/UC7KPV4xdxO2dms9vl6tETmg
Marcy,Kaptur,K000009,rep,Democrat,OH,2025-01-03,2027-01-03,USRepMarcyKaptur,UCIJUNf22o09nO02oQPLKQ6w,RepMarcyKaptur,581141508.0,repmarcykaptur,,RepresentativeMarcyKaptur,https://www.youtube.com/channel/UCIJUNf22o09nO02oQPLKQ6w
Jim,Jordan,J000289,rep,Republican,OH,2025-01-03,2027-01-03,RepJimJordan,UCPFBhS00ivPV585GlnNlyqA,Jim_Jordan,18166778.0,,,repjimjordan,https://www.youtube.com/channel/UCPFBhS00ivPV585GlnNlyqA
Henry,Johnson,J000288,rep,Democrat,GA,2025-01-03,2027-01-03,RepHankJohnson,UCqMici9I7nz_i-PN7eSYjwQ,RepHankJohnson,24745957.0,rephankjohnson,,115356957005,https://www.youtube.com/channel/UCqMici9I7nz_i-PN7eSYjwQ
Bill,Huizenga,H001058,rep,Republican,MI,2025-01-03,2027-01-03,RepHuizenga,UCQPlLLiMnysMmeJ5qUSSjQg,RepHuizenga,233949261.0,RepHuizenga,,RepHuizenga,https://www.youtube.com/channel/UCQPlLLiMnysMmeJ5qUSSjQg
James,Himes,H001047,rep,Democrat,CT,2025-01-03,2027-01-03,congressmanhimes,UCCeB6czh6nhCHxOMCk_V4yA,jahimes,,repjimhimes,,CongressmanJimHimes,https://www.youtube.com/channel/UCCeB6czh6nhCHxOMCk_V4yA
Steny,Hoyer,H000874,rep,Democrat,MD,2025-01-03,2027-01-03,LeaderHoyer,UCvxgqX65cdhHNjJn64cgY9g,RepStenyHoyer,22012091.0,repstenyhoyer,51616645.0,WhipHoyer,https://www.youtube.com/channel/UCvxgqX65cdhHNjJn64cgY9g
H.,Griffith,G000568,rep,Republican,VA,2025-01-03,2027-01-03,RepMorganGriffith,UCzxqD7EY_Rdvbc0spbaYkJA,RepMGriffith,234057152.0,hmorgangriffith,,RepMorganGriffith,https://www.youtube.com/channel/UCzxqD7EY_Rdvbc0spbaYkJA
Paul,Gosar,G000565,rep,Republican,AZ,2025-01-03,2027-01-03,repgosar,UC5orqw_9acsKWSRbrqTDXBw,RepGosar,240760644.0,REPGOSAR,,repgosar,https://www.youtube.com/channel/UC5orqw_9acsKWSRbrqTDXBw
John,Garamendi,G000559,rep,Democrat,CA,2025-01-03,2027-01-03,garamendiCA10,UCRym1qsO72C39gX6pBu4icg,RepGaramendi,88806753.0,repgaramendi,,repgaramendi,https://www.youtube.com/channel/UCRym1qsO72C39gX6pBu4icg
Al,Green,G000553,rep,Democrat,TX,2025-01-03,2027-01-03,RepAlGreen,UCFtgMZm1YUXaZ8OtOj-GDjA,RepAlGreen,156333623.0,repalgreen,,repalgreen,https://www.youtube.com/channel/UCFtgMZm1YUXaZ8OtOj-GDjA
Charles,Fleischmann,F000459,rep,Republican,TN,2025-01-03,2027-01-03,repchuck,UCTtRrJkM-R-f2K0byCMvHgw,RepChuck,235190657.0,,,repchuck,https://www.youtube.com/channel/UCTtRrJkM-R-f2K0byCMvHgw
Virginia,Foxx,F000450,rep,Republican,NC,2025-01-03,2027-01-03,repvirginiafoxx,UCggineJcxJn80TRXxdQbx6w,VirginiaFoxx,16256269.0,repvirginiafoxx,,RepVirginiaFoxx,https://www.youtube.com/channel/UCggineJcxJn80TRXxdQbx6w
Scott,DesJarlais,D000616,rep,Republican,TN,2025-01-03,2027-01-03,ScottDesJarlaisTN04,UCvjuSLoi3hS0ECQvJLhwOkA,DesJarlaisTN04,235312723.0,desjarlaistn04,260930821.0,ScottDesJarlaisTN04,https://www.youtube.com/channel/UCvjuSLoi3hS0ECQvJLhwOkA
Mario,Diaz-Balart,D000600,rep,Republican,FL,2025-01-03,2027-01-03,MarioDiazBalart,UCpEEd0Plxx5D78pI4a4mFTQ,MarioDB,37094727.0,repmariodb,316477657.0,mdiazbalart,https://www.youtube.com/channel/UCpEEd0Plxx5D78pI4a4mFTQ
Lloyd,Doggett,D000399,rep,Democrat,TX,2025-01-03,2027-01-03,doggett,UCN-kiLKyHPcfRVZ28sAHS_g,RepLloydDoggett,153944899.0,replloyddoggett,,lloyddoggett,https://www.youtube.com/channel/UCN-kiLKyHPcfRVZ28sAHS_g
Rosa,DeLauro,D000216,rep,Democrat,CT,2025-01-03,2027-01-03,rosadelauro,UC9ROfGBm7kSLCEDYwFF6McQ,RosaDeLauro,140519774.0,,,CongresswomanRosaDeLauro,https://www.youtube.com/channel/UC9ROfGBm7kSLCEDYwFF6McQ
Diana,DeGette,D000197,rep,Democrat,CO,2025-01-03,2027-01-03,RepDianaDeGette,UCWFQCRTHwsHg9P1Hf-EQtew,RepDianaDeGette,28599820.0,,,DianaDeGette,https://www.youtube.com/channel/UCWFQCRTHwsHg9P1Hf-EQtew
Eric,Crawford,C001087,rep,Republican,AR,2025-01-03,2027-01-03,RepRickCrawford,UCLKAkVl4BHRK73lmDiIgPYg,RepRickCrawford,233693291.0,reprickcrawford,389864684.0,RepRickCrawford,https://www.youtube.com/channel/UCLKAkVl4BHRK73lmDiIgPYg
Judy,Chu,C001080,rep,Democrat,CA,2025-01-03,2027-01-03,RepJudyChu,UCfcbYOvdEXZNelM8T05nK-w,RepJudyChu,193732179.0,repjudychu,,RepJudyChu,https://www.youtube.com/channel/UCfcbYOvdEXZNelM8T05nK-w
André,Carson,C001072,rep,Democrat,IN,2025-01-03,2027-01-03,repandrecarson,UCprUnnEgM2VUGmAKSaZXCSw,RepAndreCarson,199325935.0,repandrecarson,,CongressmanAndreCarson,https://www.youtube.com/channel/UCprUnnEgM2VUGmAKSaZXCSw
Joe,Courtney,C001069,rep,Democrat,CT,2025-01-03,2027-01-03,repcourtney,UCGVIfe1T2hO1Lx7ap5Wkv1w,RepJoeCourtney,85396297.0,repjoecourtney,,joecourtney,https://www.youtube.com/channel/UCGVIfe1T2hO1Lx7ap5Wkv1w
Steve,Cohen,C001068,rep,Democrat,TN,2025-01-03,2027-01-03,repcohen,UC_NJlnsOBjOameUwZk0rvsA,RepCohen,162069635.0,repcohen,,CongressmanSteveCohen,https://www.youtube.com/channel/UC_NJlnsOBjOameUwZk0rvsA
Yvette,Clarke,C001067,rep,Democrat,NY,2025-01-03,2027-01-03,repyvetteclarke,UC8SuQiuL2P9fUHAxuRoTdUQ,RepYvetteClarke,240812994.0,repyvettedclarke,,repyvettedclarke,https://www.youtube.com/channel/UC8SuQiuL2P9fUHAxuRoTdUQ
Henry,Cuellar,C001063,rep,Democrat,TX,2025-01-03,2027-01-03,henrycuellar,UCVgEOdJx3tyILO9EjZ-heEQ,RepCuellar,210926192.0,RepCuellar,,152569121550,https://www.youtube.com/channel/UCVgEOdJx3tyILO9EjZ-heEQ
Emanuel,Cleaver,C001061,rep,Democrat,MO,2025-01-03,2027-01-03,repcleaver,UCVC-7CLFjXczoihr5FxDLsw,RepCleaver,163570705.0,repcleaver,,emanuelcleaverii,https://www.youtube.com/channel/UCVC-7CLFjXczoihr5FxDLsw
Jim,Costa,C001059,rep,Democrat,CA,2025-01-03,2027-01-03,RepJimCostaCA20,UCVgXX23eJEai6GiBOKO6dvA,RepJimCosta,245451804.0,,,RepJimCosta,https://www.youtube.com/channel/UCVgXX23eJEai6GiBOKO6dvA
Tom,Cole,C001053,rep,Republican,OK,2025-01-03,2027-01-03,reptomcole,UCvqzPm_YnNkfEHpm3SEMJMQ,TomColeOK04,23124635.0,TomColeOK04,,TomColeOK04,https://www.youtube.com/channel/UCvqzPm_YnNkfEHpm3SEMJMQ
John,Carter,C001051,rep,Republican,TX,2025-01-03,2027-01-03,repjohncarter,UC9pkaOrhPfouzkJ8oAdI-1w,JudgeCarter,18030431.0,judgecarter,456560563.0,judgecarter,https://www.youtube.com/channel/UC9pkaOrhPfouzkJ8oAdI-1w
James,Clyburn,C000537,rep,Democrat,SC,2025-01-03,2027-01-03,repjamesclyburn,UCIyU_UA_JEa14gvAwhquKqg,RepJamesClyburn,188019606.0,repjamesclyburn,,jameseclyburn,https://www.youtube.com/channel/UCIyU_UA_JEa14gvAwhquKqg
Ken,Calvert,C000059,rep,Republican,CA,2025-01-03,2027-01-03,RepKenCalvert,UC5MEj7YOX_QdKoqD_HRxP3A,KenCalvert,22545491.0,repkencalvert,,70063393423,https://www.youtube.com/channel/UC5MEj7YOX_QdKoqD_HRxP3A
Vern,Buchanan,B001260,rep,Republican,FL,2025-01-03,2027-01-03,vernbuchanan,UCY4DEy41NxOTdcF8_XAVZvw,VernBuchanan,20467163.0,repvern,344865327.0,CongressmanBuchanan,https://www.youtube.com/channel/UCY4DEy41NxOTdcF8_XAVZvw
Gus,Bilirakis,B001257,rep,Republican,FL,2025-01-03,2027-01-03,RepGusBilirakis,UC2z1uu1n4-60xXs5x1mvLJw,RepGusBilirakis,26051676.0,gusbilirakis,,GusBilirakis,https://www.youtube.com/channel/UC2z1uu1n4-60xXs5x1mvLJw
Sanford,Bishop,B000490,rep,Democrat,GA,2025-01-03,2027-01-03,RepSanfordBishop,UCxF9veLBrkr_CqVq5eFYVGg,SanfordBishop,249410485.0,,,sanfordbishop,https://www.youtube.com/channel/UCxF9veLBrkr_CqVq5eFYVGg
Robert,Aderholt,A000055,rep,Republican,AL,2025-01-03,2027-01-03,RobertAderholt,UC71CAgpg1gbLTew_pfTneGA,Robert_Aderholt,76452765.0,,,RobertAderholt,https://www.youtube.com/channel/UC71CAgpg1gbLTew_pfTneGA
Suzan,DelBene,D000617,rep,Democrat,WA,2025-01-03,2027-01-03,,UCd00b7TpKDZIr-Ujhaktvjg,RepDelBene,995193054.0,repdelbene,,RepDelBene,https://www.youtube.com/channel/UCd00b7TpKDZIr-Ujhaktvjg
Suzanne,Bonamici,B001278,rep,Democrat,OR,2025-01-03,2027-01-03,RepSuzanneBonamici,UC0IkAeEiwgzSRTD1TDSvuBw,RepBonamici,558769636.0,RepBonamici,,congresswomanbonamici,https://www.youtube.com/channel/UC0IkAeEiwgzSRTD1TDSvuBw
Mark,Amodei,A000369,rep,Republican,NV,2025-01-03,2027-01-03,markamodeinv2,UCjOGx2iqSn1r3BQxaVgYhYw,MarkAmodeiNV2,402719755.0,MarkAmodeiNV2,,MarkAmodeiNV2,https://www.youtube.com/channel/UCjOGx2iqSn1r3BQxaVgYhYw
Eric,Swalwell,S001193,rep,Democrat,CA,2025-01-03,2027-01-03,ericswalwell,UCKvwsFNGD4sDkE_9g-2ft0w,RepSwalwell,942156122.0,repswalwell,338799200.0,CongressmanEricSwalwell,https://www.youtube.com/channel/UCKvwsFNGD4sDkE_9g-2ft0w
Grace,Meng,M001188,rep,Democrat,NY,2025-01-03,2027-01-03,,UCHg516zJKbIBtXFAJ0nu3XQ,RepGraceMeng,1051127714.0,,,repgracemeng,https://www.youtube.com/channel/UCHg516zJKbIBtXFAJ0nu3XQ
Mark,Takano,T000472,rep,Democrat,CA,2025-01-03,2027-01-03,RepMarkTakano,UCJg4F1irmSFeKoXZBaZbX2w,RepMarkTakano,1037321378.0,repmarktakano,,RepMarkTakano,https://www.youtube.com/channel/UCJg4F1irmSFeKoXZBaZbX2w
Hakeem,Jeffries,J000294,rep,Democrat,NY,2025-01-03,2027-01-03,,UCYVmbsjoNbQ4j-PCQIYgpWQ,RepJeffries,467823431.0,repjeffries,,RepHakeemJeffries,https://www.youtube.com/channel/UCYVmbsjoNbQ4j-PCQIYgpWQ
David,Joyce,J000295,rep,Republican,OH,2025-01-03,2027-01-03,repdavejoyce,UCTu9xz2VYk-jtQv0TVsLyYA,RepDaveJoyce,976969338.0,repdavejoyce,360743678.0,RepDaveJoyce,https://www.youtube.com/channel/UCTu9xz2VYk-jtQv0TVsLyYA
Randy,Weber,W000814,rep,Republican,TX,2025-01-03,2027-01-03,TXRandy14,UCJSZRrAcd5i1bHLjR66PZdg,TXRandy14,1058051748.0,TXRandy14,,TXRandy14,https://www.youtube.com/channel/UCJSZRrAcd5i1bHLjR66PZdg
Ami,Bera,B001287,rep,Democrat,CA,2025-01-03,2027-01-03,repamibera,UClJCTCo53Zk6b4kUL-bbdzg,RepBera,950783972.0,repbera,,RepAmiBera,https://www.youtube.com/channel/UClJCTCo53Zk6b4kUL-bbdzg
Bill,Foster,F000454,rep,Democrat,IL,2025-01-03,2027-01-03,RepBillFoster,UCicixINQr_-3cFHI2bJzFpQ,RepBillFoster,1080509366.0,,,CongressmanBillFoster,https://www.youtube.com/channel/UCicixINQr_-3cFHI2bJzFpQ
Lois,Frankel,F000462,rep,Democrat,FL,2025-01-03,2027-01-03,reploisfrankel,UCEk5viAhxaW_2OK20-yBwzQ,RepLoisFrankel,1077121945.0,reploisfrankel,,RepLoisFrankel,https://www.youtube.com/channel/UCEk5viAhxaW_2OK20-yBwzQ
Richard,Hudson,H001067,rep,Republican,NC,2025-01-03,2027-01-03,RepRichHudson,UC9Q1qCvnQR7rHERjTjJl5Pg,RepRichHudson,935033864.0,,,RepRichHudson,https://www.youtube.com/channel/UC9Q1qCvnQR7rHERjTjJl5Pg
Marc,Veasey,V000131,rep,Democrat,TX,2025-01-03,2027-01-03,marcveasey,UC2CRp1KF5uljZyhDRPR-72Q,RepVeasey,1074129612.0,repveasey,676925345.0,CongressmanMarcVeasey,https://www.youtube.com/channel/UC2CRp1KF5uljZyhDRPR-72Q
Scott,Perry,P000605,rep,Republican,PA,2025-01-03,2027-01-03,RepScottPerry,UCzgrU5PT_HHRgf5hXPen4dQ,RepScottPerry,18773159.0,repscottperry,519463466.0,repscottperry,https://www.youtube.com/channel/UCzgrU5PT_HHRgf5hXPen4dQ
Raul,Ruiz,R000599,rep,Democrat,CA,2025-01-03,2027-01-03,repraulruiz,UCSDk-cyNPCo1iy6rweSPmBw,RepRaulRuizMD,1089859058.0,,,CongressmanRaulRuizMD,https://www.youtube.com/channel/UCSDk-cyNPCo1iy6rweSPmBw
Ann,Wagner,W000812,rep,Republican,MO,2025-01-03,2027-01-03,,UCy2v2DXXvQnbRc8Zx77Dnsg,RepAnnWagner,1051446626.0,repannwagner,,RepAnnWagner,https://www.youtube.com/channel/UCy2v2DXXvQnbRc8Zx77Dnsg
Garland,Barr,B001282,rep,Republican,KY,2025-01-03,2027-01-03,RepAndyBarr,UCVL2s6x7f7H0ZJ-uwU0pQ6Q,RepAndyBarr,1089334250.0,RepAndyBarr,,RepAndyBarr,https://www.youtube.com/channel/UCVL2s6x7f7H0ZJ-uwU0pQ6Q
Danny,Davis,D000096,rep,Democrat,IL,2025-01-03,2027-01-03,dannykdavis07,UCdhrT09_XMr31tuI8OcKsjQ,RepDannyDavis,789244177.0,,,CongressmanDKDavis,https://www.youtube.com/channel/UCdhrT09_XMr31tuI8OcKsjQ
Sam,Graves,G000546,rep,Republican,MO,2025-01-03,2027-01-03,,UCdg2ybvoHsSW6t7iJnKHlNg,RepSamGraves,29766367.0,repsamgraves,,118514606128,https://www.youtube.com/channel/UCdg2ybvoHsSW6t7iJnKHlNg
Roger,Williams,W000816,rep,Republican,TX,2025-01-03,2027-01-03,,UCBtfmMMQarjtLB9U_pWMOhw,RepRWilliams,1077446982.0,,,RepRogerWilliams,https://www.youtube.com/channel/UCBtfmMMQarjtLB9U_pWMOhw
Jared,Huffman,H001068,rep,Democrat,CA,2025-01-03,2027-01-03,rephuffman,UCJU6SP1ppp1ZhSiqZLiFgDA,RepHuffman,1071102246.0,rephuffman,,RepHuffman,https://www.youtube.com/channel/UCJU6SP1ppp1ZhSiqZLiFgDA
Andy,Harris,H001052,rep,Republican,MD,2025-01-03,2027-01-03,RepAndyHarris,UCvUuV7FiJfJi1yux4qozgMg,RepAndyHarrisMD,960962340.0,,,AndyHarrisMD,https://www.youtube.com/channel/UCvUuV7FiJfJi1yux4qozgMg
Scott,Peters,P000608,rep,Democrat,CA,2025-01-03,2027-01-03,,UCQK77QJxW7Xr-S3zqeMd-0g,RepScottPeters,1135486501.0,repscottpeters,,RepScottPeters,https://www.youtube.com/channel/UCQK77QJxW7Xr-S3zqeMd-0g
Joaquin,Castro,C001091,rep,Democrat,TX,2025-01-03,2027-01-03,JoaquinCastroTX,UCsRxWnFdRiV2od1O5v5nEeQ,JoaquinCastrotx,231510077.0,joaquincastrotx,378492005.0,326420614138023,https://www.youtube.com/channel/UCsRxWnFdRiV2od1O5v5nEeQ
Brett,Guthrie,G000558,rep,Republican,KY,2025-01-03,2027-01-03,BrettGuthrie,UCdJhDw-YbdH0RHfWK0sIfiw,RepGuthrie,1908143071.0,repguthrie,,CongressmanGuthrie,https://www.youtube.com/channel/UCdJhDw-YbdH0RHfWK0sIfiw
Doug,LaMalfa,L000578,rep,Republican,CA,2025-01-03,2027-01-03,RepLaMalfa,UCUzz1XDn862fxirervSB2Yw,RepLaMalfa,1069124515.0,repdouglamalfa,,RepLaMalfa,https://www.youtube.com/channel/UCUzz1XDn862fxirervSB2Yw
Kathy,Castor,C001066,rep,Democrat,FL,2025-01-03,2027-01-03,RepKathyCastor,UC_irxhmLqVenTFPxDxznG6g,USRepKCastor,1880674038.0,usrepkathycastor,,USRepKathyCastor,https://www.youtube.com/channel/UC_irxhmLqVenTFPxDxznG6g
Mark,Pocan,P000607,rep,Democrat,WI,2025-01-03,2027-01-03,repmarkpocan,UCz5b47WER_u3dUGV_Zi70dQ,RepMarkPocan,1206227149.0,repmarkpocan,1422301608.0,repmarkpocan,https://www.youtube.com/channel/UCz5b47WER_u3dUGV_Zi70dQ
Juan,Vargas,V000130,rep,Democrat,CA,2025-01-03,2027-01-03,RepJuanVargas,UCpMthf8y7bEMJH_td0dznRQ,RepJuanVargas,1260172386.0,repjuanvargas,,RepJuanVargas,https://www.youtube.com/channel/UCpMthf8y7bEMJH_td0dznRQ
Julia,Brownley,B001285,rep,Democrat,CA,2025-01-03,2027-01-03,RepJuliaBrownley,UCFrC4Ouk5R6xQztS9PZin_A,RepBrownley,1243902714.0,RepBrownley,,RepJuliaBrownley,https://www.youtube.com/channel/UCFrC4Ouk5R6xQztS9PZin_A
Thomas,Massie,M001184,rep,Republican,KY,2025-01-03,2027-01-03,repthomasmassie,UCpmXOtvvXC3GE8o9VxYNK7g,RepThomasMassie,975200486.0,repthomasmassie,,RepThomasMassie,https://www.youtube.com/channel/UCpmXOtvvXC3GE8o9VxYNK7g
Robin,Kelly,K000385,rep,Democrat,IL,2025-01-03,2027-01-03,,UCLhcNPX2nNQLNzwKW0nEykg,RepRobinKelly,1339931490.0,reprobinkelly,,reprobinkelly,https://www.youtube.com/channel/UCLhcNPX2nNQLNzwKW0nEykg
Joyce,Beatty,B001281,rep,Democrat,OH,2025-01-03,2027-01-03,,UCtVl3kb7Xvt3pY7l6x-M6LA,RepBeatty,1531521632.0,repbeatty,554027718.0,RepJoyceBeatty,https://www.youtube.com/channel/UCtVl3kb7Xvt3pY7l6x-M6LA
Jason,Smith,S001195,rep,Republican,MO,2025-01-03,2027-01-03,RepJasonSmith,UCzj9-27Lr4gcqopmZAobXXg,RepJasonSmith,1623308912.0,,,repjasonsmith,https://www.youtube.com/channel/UCzj9-27Lr4gcqopmZAobXXg
Christopher,Smith,S000522,rep,Republican,NJ,2025-01-03,2027-01-03,USRepChrisSmith,UCtCNUDo3-I1gsd_03ppDfZg,,,repchrissmith,,RepChrisSmith,https://www.youtube.com/channel/UCtCNUDo3-I1gsd_03ppDfZg
Katherine,Clark,C001101,rep,Democrat,MA,2025-01-03,2027-01-03,,UCgaI52w7QKI8LtkSeCCmSuw,RepKClark,2293131060.0,repkclark,,CongresswomanClark,https://www.youtube.com/channel/UCgaI52w7QKI8LtkSeCCmSuw
Dan,Newhouse,N000189,rep,Republican,WA,2025-01-03,2027-01-03,,UCllbsv_aoIaPS6W3aSonZlw,RepNewhouse,2930635215.0,repnewhouse,,RepNewhouse,https://www.youtube.com/channel/UCllbsv_aoIaPS6W3aSonZlw
Barry,Loudermilk,L000583,rep,Republican,GA,2025-01-03,2027-01-03,,UC2Kfw8fjca8k3w3KpzL5tNg,RepLoudermilk,2914163523.0,RepLoudermilk,,reploudermilk,https://www.youtube.com/channel/UC2Kfw8fjca8k3w3KpzL5tNg
Earl,Carter,C001103,rep,Republican,GA,2025-01-03,2027-01-03,,UCHQm49T6ikD_ioMAt50AwKQ,RepBuddyCarter,2973870195.0,repbuddycarter,,congressmanbuddycarter,https://www.youtube.com/channel/UCHQm49T6ikD_ioMAt50AwKQ
Mike,Bost,B001295,rep,Republican,IL,2025-01-03,2027-01-03,,UCYA1psY06vSf3QadHuCrmjQ,RepBost,2964877294.0,,,RepBost,https://www.youtube.com/channel/UCYA1psY06vSf3QadHuCrmjQ
Alma,Adams,A000370,rep,Democrat,NC,2025-01-03,2027-01-03,,UCPI9ao1Cr1nxEUD2r-usRjQ,RepAdams,2916086925.0,repadams,,CongresswomanAdams,https://www.youtube.com/channel/UCPI9ao1Cr1nxEUD2r-usRjQ
John,Moolenaar,M001194,rep,Republican,MI,2025-01-03,2027-01-03,,UCnMvVN4a8roZu4crE0UW2DA,RepMoolenaar,2696643955.0,RepMoolenaar,,RepMoolenaar,https://www.youtube.com/channel/UCnMvVN4a8roZu4crE0UW2DA
Elise,Stefanik,S001196,rep,Republican,NY,2025-01-03,2027-01-03,,UCHvf42C8Vw6QnjwO2L2ukKA,RepStefanik,2962813893.0,repstefanik,,RepEliseStefanik,https://www.youtube.com/channel/UCHvf42C8Vw6QnjwO2L2ukKA
David,Rouzer,R000603,rep,Republican,NC,2025-01-03,2027-01-03,,UCBvOxpqoGi1HlHjX9v_gHZw,RepDavidRouzer,834069080.0,repdavidrouzer,,RepRouzer,https://www.youtube.com/channel/UCBvOxpqoGi1HlHjX9v_gHZw
Gary,Palmer,P000609,rep,Republican,AL,2025-01-03,2027-01-03,,UCYZfP-cNIvlJY3AcAc9OPpQ,USRepGaryPalmer,2861616083.0,repgarypalmer,1551536636.0,CongressmanGaryPalmer,https://www.youtube.com/channel/UCYZfP-cNIvlJY3AcAc9OPpQ
Tom,Emmer,E000294,rep,Republican,MN,2025-01-03,2027-01-03,RepTomEmmer,,RepTomEmmer,2914515430.0,reptomemmer,1565640999.0,reptomemmer,
Bruce,Westerman,W000821,rep,Republican,AR,2025-01-03,2027-01-03,,UCNshPbmupCwP5a7Hi79jETQ,RepWesterman,2852998461.0,,,RepWesterman,https://www.youtube.com/channel/UCNshPbmupCwP5a7Hi79jETQ
J.,Hill,H001072,rep,Republican,AR,2025-01-03,2027-01-03,,UCT8uWroJtkwSsCJlVg0IKvQ,RepFrenchHill,2953974395.0,repfrenchhill,,RepFrenchHill,https://www.youtube.com/channel/UCT8uWroJtkwSsCJlVg0IKvQ
Brian,Babin,B001291,rep,Republican,TX,2025-01-03,2027-01-03,,UCPVEZgw-VbDRbLV1MRGVQNQ,RepBrianBabin,2929491549.0,,,RepBrianBabin,https://www.youtube.com/channel/UCPVEZgw-VbDRbLV1MRGVQNQ
Debbie,Dingell,D000624,rep,Democrat,MI,2025-01-03,2027-01-03,,UCnoP3KLT-HOvzDfC1-I-9lQ,RepDebDingell,2970279814.0,repdingell,,RepDebbieDingell,https://www.youtube.com/channel/UCnoP3KLT-HOvzDfC1-I-9lQ
Norma,Torres,T000474,rep,Democrat,CA,2025-01-03,2027-01-03,,UCvWY4qKP6--o3pIJY7hhKDg,NormaJTorres,236279233.0,repnormatorres,,RepNormaTorres,https://www.youtube.com/channel/UCvWY4qKP6--o3pIJY7hhKDg
Rick,Allen,A000372,rep,Republican,GA,2025-01-03,2027-01-03,,UCZPoYXHFDAV17BGLMzGAmpg,RepRickAllen,2964287128.0,Rep_RickAllen,1666787116.0,CongressmanRickAllen,https://www.youtube.com/channel/UCZPoYXHFDAV17BGLMzGAmpg
Brendan,Boyle,B001296,rep,Democrat,PA,2025-01-03,2027-01-03,,UCMP_Anj7lz4eZuSh8GwFqQQ,CongBoyle,4304448314.0,,,CongressmanBoyle,https://www.youtube.com/channel/UCMP_Anj7lz4eZuSh8GwFqQQ
Pete,Aguilar,A000371,rep,Democrat,CA,2025-01-03,2027-01-03,,UCxwbFLOlKDsXrwizV5jah7g,RepPeteAguilar,3018670151.0,,,reppeteaguilar,https://www.youtube.com/channel/UCxwbFLOlKDsXrwizV5jah7g
Stacey,Plaskett,P000610,rep,Democrat,VI,2025-01-03,2027-01-03,,UC3V7biFZHDFHDFZy6cCSZUA,StaceyPlaskett,2724095695.0,stacey_plaskett,,repstaceyplaskett,https://www.youtube.com/channel/UC3V7biFZHDFHDFZy6cCSZUA
Bonnie,Watson Coleman,W000822,rep,Democrat,NJ,2025-01-03,2027-01-03,,UCrxEaX0VKZKwg3930du2D5A,RepBonnie,2968451607.0,repbonnie,,RepBonnie,https://www.youtube.com/channel/UCrxEaX0VKZKwg3930du2D5A
Ted,Lieu,L000582,rep,Democrat,CA,2025-01-03,2027-01-03,,UC9qcJxTqfDNBnVul1IojlFg,RepTedLieu,3044993235.0,RepTedLieu,,RepTedLieu,https://www.youtube.com/channel/UC9qcJxTqfDNBnVul1IojlFg
Seth,Moulton,M001196,rep,Democrat,MA,2025-01-03,2027-01-03,,UC5w5qn7nj5Ljy69LTV7a_fQ,RepMoulton,3091316093.0,repmoulton,,CongressmanSethMoulton,https://www.youtube.com/channel/UC5w5qn7nj5Ljy69LTV7a_fQ
Donald,Beyer,B001292,rep,Democrat,VA,2025-01-03,2027-01-03,,UCPJGVbOVcAVGiBwq8qr_T9w,RepDonBeyer,2962868158.0,repdonbeyer,,RepDonBeyer,https://www.youtube.com/channel/UCPJGVbOVcAVGiBwq8qr_T9w
Glenn,Grothman,G000576,rep,Republican,WI,2025-01-03,2027-01-03,,UCui4k83Cot4aeVW_8T33fgg,RepGrothman,2976606250.0,repglenngrothman,,RepGrothman,https://www.youtube.com/channel/UCui4k83Cot4aeVW_8T33fgg
Donald,Norcross,N000188,rep,Democrat,NJ,2025-01-03,2027-01-03,,UC7kXK_PyDiOT8YrdP0jYZHw,DonaldNorcross,3122099613.0,donald_norcross,,DonaldNorcrossNJ,https://www.youtube.com/channel/UC7kXK_PyDiOT8YrdP0jYZHw
Trent,Kelly,K000388,rep,Republican,MS,2025-01-03,2027-01-03,,UCtDrz-8tdg4ZgOAQHToSWaQ,RepTrentKelly,3317799825.0,reptrentkelly,,reptrentkelly,https://www.youtube.com/channel/UCtDrz-8tdg4ZgOAQHToSWaQ
Darin,LaHood,L000585,rep,Republican,IL,2025-01-03,2027-01-03,,UCVRbtFwaBGcixZIkygtalRw,RepLaHood,3686482216.0,,,replahood,https://www.youtube.com/channel/UCVRbtFwaBGcixZIkygtalRw
Jamie,Raskin,R000606,rep,Democrat,MD,2025-01-03,2027-01-03,,UChxDE6vho5BfBTOqiBsDmKg,RepRaskin,8.069063552148521e+17,repraskin,,repraskin,https://www.youtube.com/channel/UChxDE6vho5BfBTOqiBsDmKg
Jimmy,Panetta,P000613,rep,Democrat,CA,2025-01-03,2027-01-03,,UCmw-aERG51C96edMDPN7fXQ,RepJimmyPanetta,7.967366125541171e+17,repjimmypanetta,,RepJimmyPanetta,https://www.youtube.com/channel/UCmw-aERG51C96edMDPN7fXQ
Neal,Dunn,D000628,rep,Republican,FL,2025-01-03,2027-01-03,,UCRTGfrYP-RuDzJ2KGok7TRA,DrNealDunnFL2,8.15952318487298e+17,,,drnealdunnfl2,https://www.youtube.com/channel/UCRTGfrYP-RuDzJ2KGok7TRA
Andy,Biggs,B001302,rep,Republican,AZ,2025-01-03,2027-01-03,,UCqSq9kWOxk9yNTeILBCVC1w,RepAndyBiggsAZ,8.166526166251684e+17,repandybiggs,,RepAndyBiggs,https://www.youtube.com/channel/UCqSq9kWOxk9yNTeILBCVC1w
Brian,Mast,M001199,rep,Republican,FL,2025-01-03,2027-01-03,repbrianmast,,RepBrianMast,8.141039504042394e+17,RepBrianMast,,repbrianmast,
Warren,Davidson,D000626,rep,Republican,OH,2025-01-03,2027-01-03,,UCMzuyZWzk44YRNesFzPTeUw,WarrenDavidson,7.427355302873047e+17,instawarrendavidson,,CongressmanWarrenDavidson,https://www.youtube.com/channel/UCMzuyZWzk44YRNesFzPTeUw
Vicente,Gonzalez,G000581,rep,Democrat,TX,2025-01-03,2027-01-03,,UC5H6oYLKQ_xIXO5CG7fh4hw,RepGonzalez,8.185361525882388e+17,repvicentegonzaleztx,,USCongressmanVicenteGonzalez,https://www.youtube.com/channel/UC5H6oYLKQ_xIXO5CG7fh4hw
Ro,Khanna,K000389,rep,Democrat,CA,2025-01-03,2027-01-03,,UCr4KOYv1o1oEQhy1jhhm3pQ,RepRoKhanna,8.162989184682598e+17,reprokhanna,,RepRoKhanna,https://www.youtube.com/channel/UCr4KOYv1o1oEQhy1jhhm3pQ
Jodey,Arrington,A000375,rep,Republican,TX,2025-01-03,2027-01-03,UC3lif8TFPOe-tJ2-pE4Rp7Q,,RepArrington,8.162846646588744e+17,repjodeyarrington,,JodeyArrington,
Salud,Carbajal,C001112,rep,Democrat,CA,2025-01-03,2027-01-03,repcarbajal,,RepCarbajal,8.161576678823731e+17,repcarbajal,,repsaludcarbajal,
Bradley,Schneider,S001190,rep,Democrat,IL,2025-01-03,2027-01-03,RepBradSchneider,,RepSchneider,1071840474.0,repschneider,,CongressmanBradSchneider,
Pramila,Jayapal,J000298,rep,Democrat,WA,2025-01-03,2027-01-03,,UCmyD0_-2Oowkfwc_Raghclw,RepJayapal,8.157332909551124e+17,repjayapal,,RepJayapal,https://www.youtube.com/channel/UCmyD0_-2Oowkfwc_Raghclw
Brian,Fitzpatrick,F000466,rep,Republican,PA,2025-01-03,2027-01-03,,UCYMNcgHss4_Q5JY2vSvMpgw,RepBrianFitz,8.163032635869143e+17,repbrianfitz,,repbrianfitzpatrick,https://www.youtube.com/channel/UCYMNcgHss4_Q5JY2vSvMpgw
Adriano,Espaillat,E000297,rep,Democrat,NY,2025-01-03,2027-01-03,,UCi0niBYFhEY70Dz8InbX5OQ,RepEspaillat,8.17076257770836e+17,repadrianoespaillat,,RepEspaillat,https://www.youtube.com/channel/UCi0niBYFhEY70Dz8InbX5OQ
David,Kustoff,K000392,rep,Republican,TN,2025-01-03,2027-01-03,,UCK6U4plOKKMrCjv_h59spGQ,RepDavidKustoff,8.160121245059318e+17,repdavidkustoff,,RepDavidKustoff,https://www.youtube.com/channel/UCK6U4plOKKMrCjv_h59spGQ
Darren,Soto,S001200,rep,Democrat,FL,2025-01-03,2027-01-03,repdarrensoto,,RepDarrenSoto,8.187134656530514e+17,RepDarrenSoto,,CongressmanDarrenSoto,
Jack,Bergman,B001301,rep,Republican,MI,2025-01-03,2027-01-03,RepJackBergman,,RepJackBergman,8.152416121544172e+17,RepJackBergman,,RepJackBergman,
John,Rutherford,R000609,rep,Republican,FL,2025-01-03,2027-01-03,Reprutherfordfl,,RepRutherfordFL,8.289772165958492e+17,reprutherfordfl,,RepRutherfordFL,
Mike,Johnson,J000299,rep,Republican,LA,2025-01-03,2027-01-03,,UCzqBEpeIaDEfvAtsA53Fx2Q,RepMikeJohnson,8.272797652875592e+17,RepMikeJohnson,,RepMikeJohnson,https://www.youtube.com/channel/UCzqBEpeIaDEfvAtsA53Fx2Q
J.,Correa,C001110,rep,Democrat,CA,2025-01-03,2027-01-03,,UCIKJJp4QJIDjnjodc23qKkw,RepLouCorrea,8.159850394858373e+17,reploucorrea,,RepLouCorrea,https://www.youtube.com/channel/UCIKJJp4QJIDjnjodc23qKkw
Don,Bacon,B001298,rep,Republican,NE,2025-01-03,2027-01-03,,UCR9abI1lZzAZ6HwQXc-dLFQ,RepDonBacon,8.189751244603351e+17,RepDonBacon,,RepDonBacon,https://www.youtube.com/channel/UCR9abI1lZzAZ6HwQXc-dLFQ
Lloyd,Smucker,S001199,rep,Republican,PA,2025-01-03,2027-01-03,,UCs5iMvWy-oTHyf5HuwB7FCg,RepSmucker,41417564.0,,,RepSmucker,https://www.youtube.com/channel/UCs5iMvWy-oTHyf5HuwB7FCg
Ron,Estes,E000298,rep,Republican,KS,2025-01-03,2027-01-03,,UC2clc28qcehIqotHQcthnWA,RepRonEstes,8.547150711168492e+17,RepRonEstes,,RepRonEstes,https://www.youtube.com/channel/UC2clc28qcehIqotHQcthnWA
Jimmy,Gomez,G000585,rep,Democrat,CA,2025-01-03,2027-01-03,UCOmm091WM6D01xTdzsWNvbQ,,RepJimmyGomez,2371339658.0,repjimmygomez,,RepJimmyGomez,
Ralph,Norman,N000190,rep,Republican,SC,2025-01-03,2027-01-03,UCVVIZjUpGRB1pgQGDBVBU8Q,,RepRalphNorman,8.804806311086449e+17,repralphnorman,,RepRalphNorman,
Michael,Cloud,C001115,rep,Republican,TX,2025-01-03,2027-01-03,RepCloudTX,,RepCloudTX,1.0398796584001126e+18,repcloudtx,,RepCloudTX,
Troy,Balderson,B001306,rep,Republican,OH,2025-01-03,2027-01-03,UCm6vJzx-mu4Xr56FnQKRz0w,,RepBalderson,1.0373415365923103e+18,,,RepTroyBalderson,
Ben,Cline,C001118,rep,Republican,VA,2025-01-03,2027-01-03,@congressmanbencline8000,,RepBenCline,1.0721583572371743e+18,repbencline,,RepBenCline,
Steven,Horsford,H001066,rep,Democrat,NV,2025-01-03,2027-01-03,UCNEpy5bPXiyAavRzYnPlhDQ,,RepHorsford,389840566.0,rephorsford,,,
Kevin,Hern,H001082,rep,Republican,OK,2025-01-03,2027-01-03,UC9XRRGCgGOEtEOwUAo1rYZg,,repkevinhern,1.0678185391790244e+18,,,repkevinhern,
Mike,Levin,L000593,rep,Democrat,CA,2025-01-03,2027-01-03,UCYFDRohyZgoPy5rXOaVZO-A,,RepMikeLevin,1.07213413956062e+18,RepMikeLevin,,RepMikeLevin,
Dan,Crenshaw,C001120,rep,Republican,TX,2025-01-03,2027-01-03,UC2XDiCjAHtJqnSEzrHAY5IQ,,RepDanCrenshaw,1.0808949313114317e+18,dancrenshawtx,,RepDanCrenshaw,
Veronica,Escobar,E000299,rep,Democrat,TX,2025-01-03,2027-01-03,UC46TX2P8K0CA_4gZv8_R2Og,,RepEscobar,1.0755178065511547e+18,repescobar,,RepEscobar,
Lizzie,Fletcher,F000468,rep,Democrat,TX,2025-01-03,2027-01-03,UCIWDLoDPvawP118TNWi-9rg,,RepFletcher,1.0759043772217221e+18,repfletcher,,RepFletcher,
Russ,Fulcher,F000469,rep,Republican,ID,2025-01-03,2027-01-03,UCx2AS0O5frzPB8D6TqJ3Mqg,,RepRussFulcher,1.0787418995722404e+18,RepRussFulcher,,RepRussFulcher,
Chrissy,Houlahan,H001085,rep,Democrat,PA,2025-01-03,2027-01-03,UCGydnnhsUZqFBscmcWcT-zQ,,RepHoulahan,1.0528966207974605e+18,repchrissyhoulahan,,RepChrissyHoulahan,
Ayanna,Pressley,P000617,rep,Democrat,MA,2025-01-03,2027-01-03,UCkhjut8oXdxN7HGg5eRT9Fw,,RepPressley,1.0805842295101727e+18,RepAyannaPressley,,RepAyannaPressley,
Rashida,Tlaib,T000481,rep,Democrat,MI,2025-01-03,2027-01-03,UCl5GK07sD5TZIhKcsDNSExA,,RepRashida,1.0797695367301407e+18,reprashida,,RepRashida,
Lori,Trahan,T000482,rep,Democrat,MA,2025-01-03,2027-01-03,UCsRXg0BmoS4Rkjz-pqX1PmQ,,RepLoriTrahan,1.0798024826400195e+18,reploritrahan,,reploritrahan,
Jahana,Hayes,H001081,rep,Democrat,CT,2025-01-03,2027-01-03,UCXngpVME5LZjcdXxZQxSDQA,,RepJahanaHayes,1.082086081238102e+18,repjahanahayes,,RepJahanaHayes,
Madeleine,Dean,D000631,rep,Democrat,PA,2025-01-03,2027-01-03,UCHj4veUyhPzzOW-Jvn7MqUg,,RepDean,567508925.0,repmadeleinedean,,RepMadeleineDean,
W.,Steube,S001214,rep,Republican,FL,2025-01-03,2027-01-03,@RepGregSteube,,RepGregSteube,1.0831256496095068e+18,repgregsteube,,RepGregSteube,
James,Baird,B001307,rep,Republican,IN,2025-01-03,2027-01-03,UCAe6fGhotC9J9tR_QONYzFA,,RepJimBaird,1.0863164944500326e+18,,,RepJimBaird,
Guy,Reschenthaler,R000610,rep,Republican,PA,2025-01-03,2027-01-03,RepGuyReschenthaler,,GReschenthaler,4205133682.0,greschenthaler,,GReschenthaler,
Ed,Case,C001055,rep,Democrat,HI,2025-01-03,2027-01-03,RepEdCase,,RepEdCase,1.0813505745898332e+18,repedcase,,RepEdCase,
Kweisi,Mfume,M000687,rep,Democrat,MD,2025-01-03,2027-01-03,UCbE6PJy-4U0DxosEW2TBQRA,,RepKweisiMfume,1.2762097023224381e+18,repkweisimfume,,RepKweisiMfume,
Clarence,Owens,O000086,rep,Republican,UT,2025-01-03,2027-01-03,UCxeB7xjbLDJM9Yw6brXsX6Q,,RepBurgessOwens,1.3444812176856924e+18,repburgessowens,,CongressmanBurgessOwens,
Blake,Moore,M001213,rep,Republican,UT,2025-01-03,2027-01-03,@RepBlakeMoore,,RepBlakeMoore,1.3374525960935875e+18,repblakemoore,,RepBlakeMoore,
August,Pfluger,P000048,rep,Republican,TX,2025-01-03,2027-01-03,UC8bJT16wpa7co50ELvpMTTg,,RepPfluger,1.341120751399809e+18,repaugustpfluger,,RepAugustPfluger,
Patrick,Fallon,F000246,rep,Republican,TX,2025-01-03,2027-01-03,RepPatFallon,,RepPatFallon,1.3432580427045274e+18,RepPatFallon,,RepPatFallon,
Michelle,Fischbach,F000470,rep,Republican,MN,2025-01-03,2027-01-03,UCAxs5zhFdAkGbkRnuC3osDw,,RepFischbach,1.3443752874847232e+18,repfischbach,,repfischbach,
Jake,Auchincloss,A000148,rep,Democrat,MA,2025-01-03,2027-01-03,RepAuchincloss,,RepAuchincloss,1.330278736554582e+18,,,RepAuchincloss,
C.,Franklin,F000472,rep,Republican,FL,2025-01-03,2027-01-03,@RepFranklin,,RepFranklin,1.3436647213843988e+18,RepFranklin,,RepFranklin,
Young,Kim,K000397,rep,Republican,CA,2025-01-03,2027-01-03,@RepYoungKim,,RepYoungKim,1.3446774014653972e+18,repyoungkim,,RepYoungKim,
Ritchie,Torres,T000486,rep,Democrat,NY,2025-01-03,2027-01-03,@RepRitchie,,RepRitchie,1.2764037572245463e+18,repritchie,,RepRitchie,
Teresa,Leger Fernandez,L000273,rep,Democrat,NM,2025-01-03,2027-01-03,@rep.teresalegerfernandez8059,,RepTeresaLF,1.3451478459266703e+18,repteresalf,,RepTeresaLF,
Andrew,Clyde,C001116,rep,Republican,GA,2025-01-03,2027-01-03,UC-o-UOnLuu8pZxZpShG4s7A,,Rep_Clyde,1.3570173615686943e+18,repclyde,,RepresentativeClyde,
Mike,Carey,C001126,rep,Republican,OH,2025-01-03,2027-01-03,@congressmanmikecarey,,RepMikeCarey,1.457745193197781e+18,,,RepMikeCarey,
Byron,Donalds,D000032,rep,Republican,FL,2025-01-03,2027-01-03,UCjy0W7sksMz37IYY27tAZNQ,,RepDonaldsPress,1.3439686460502835e+18,byrondonalds,,,
Pete,Sessions,S000250,rep,Republican,TX,2025-01-03,2027-01-03,@congressmanpetesessions,,PeteSessions,24735461.0,congressmanpetesessions,,petesessions,
Jefferson,Van Drew,V000133,rep,Republican,NJ,2025-01-03,2027-01-03,UCc5AGO_bQLeiv313Bbr35fg,,Congressman_JVD,1.4686770995946988e+18,jeffvandrew,,CongressmanJVD,
Nicole (Nikki),Budzinski,B001315,rep,Democrat,IL,2025-01-03,2027-01-03,UCp0Ykb-qUGx3ekTH9MIEK-w,,RepNikkiB,1.6034767139959112e+18,repnikki,,RepNikkiBudzinski,
Eric,Burlison,B001316,rep,Republican,MO,2025-01-03,2027-01-03,UCuJFygzYhGiXMZHjhTQy20w,,RepEricBurlison,1.6063425947655905e+18,RepEricBurlison,,100089208900263,
Becca,Balint,B001318,rep,Democrat,VT,2025-01-03,2027-01-03,YouTubeChannelID,,RepBeccaB,1.6061151782103654e+18,repbeccab,,repbeccab,
Eli,Crane,C001132,rep,Republican,AZ,2025-01-03,2027-01-03,@rep.elicrane,,RepEliCrane,1.6088912059027948e+18,,,100088851021670,
Juan,Ciscomani,C001133,rep,Republican,AZ,2025-01-03,2027-01-03,UCD329AYGX7YnMMSUaTKWHwA,,RepCiscomani,1.6035309705937756e+18,repjuanciscomani,,100089186535085,
Mike,Ezell,E000235,rep,Republican,MS,2025-01-03,2027-01-03,UCseRXy2_n4j97lndfkQ_hAw,,RepEzell,1.6027880047493448e+18,repmikeezell,,repezell,
Valerie,Foushee,F000477,rep,Democrat,NC,2025-01-03,2027-01-03,@RepValerieFoushee,,ValerieFoushee,1.6114711547320607e+18,repvaleriefoushee,,RepValerieFoushee,
Russell,Fry,F000478,rep,Republican,SC,2025-01-03,2027-01-03,@reprussellfry,,RepRussellFry,1.603514304354984e+18,reprussellfry,,reprussellfry,
Marie,Gluesenkamp Perez,G000600,rep,Democrat,WA,2025-01-03,2027-01-03,@repmgp,,RepMGP,1.6031278745124536e+18,repmgp,,RepMGP,
Kevin,Kiley,K000401,rep,Republican,CA,2025-01-03,2027-01-03,@repkevinkiley,,RepKiley,1.6103569614758093e+18,,,100089382125341,
Anna,Luna,L000596,rep,Republican,FL,2025-01-03,2027-01-03,@RepLuna,,RepLuna,1.6102308352899236e+18,repluna,,,
Michael,Lawler,L000599,rep,Republican,NY,2025-01-03,2027-01-03,@RepMikeLawler,,RepMikeLawler,1.5903720470158868e+18,RepMikeLawler,,RepMikeLawler,
Jared,Moskowitz,M001217,rep,Democrat,FL,2025-01-03,2027-01-03,@RepMoskowitz,,RepMoskowitz,1.61000902774383e+18,repmoskowitz,,RepMoskowitz,
Kevin,Mullin,M001225,rep,Democrat,CA,2025-01-03,2027-01-03,UCAenuXjUZagZyD4HQL7_2ZA,,RepKevinMullin,1.610411994888409e+18,repkevinmullin,,CongressmanKevinMullin,
Zachary (Zach),Nunn,N000193,rep,Republican,IA,2025-01-03,2027-01-03,UCHcM0qd2GQ2CbOHSGZ06rrA,,ZachNunn,1.610323831809364e+18,repzachnunn,,RepZachNunn,
Emilia,Sykes,S001223,rep,Democrat,OH,2025-01-03,2027-01-03,@repemiliasykes,,RepEmiliaSykes,1.6115278357425193e+18,RepEmiliaSykes,,repemiliasykes,
Jill,Tokuda,T000487,rep,Democrat,HI,2025-01-03,2027-01-03,UCBXwZrEZWQiSXebInVuYuvw,,RepJillTokuda,1.6107304775638057e+18,repjilltokuda,,RepJillTokuda,
Brad,Finstad,F000475,rep,Republican,MN,2025-01-03,2027-01-03,@repfinstad,,RepFinstad,,repfinstad,,RepFinstad,
John,James,J000307,rep,Republican,MI,2025-01-03,2027-01-03,@RepJohnJames,,RepJames,,RepJohnJames,,RepJohnJames,
Mark,Alford,A000379,rep,Republican,MO,2025-01-03,2027-01-03,@RepAlford,,RepMarkAlford,,RepMarkAlford,,100089595940547,
Max,Miller,M001222,rep,Republican,OH,2025-01-03,2027-01-03,@RepMaxMiller,,repmaxmiller,,repmaxmiller,,CongressmanMaxMiller,
Josh,Brecheen,B001317,rep,Republican,OK,2025-01-03,2027-01-03,UCSX3nV53o-1-e0nFA6pPs2w,,repbrecheen,,repbrecheen,,100089040632497,
Summer,Lee,L000602,rep,Democrat,PA,2025-01-03,2027-01-03,UCqQJ44qlkVxWV5N12YeacyA,,RepSummerLee,,repsummerlee,,RepSummerLee,
Nathaniel,Moran,M001224,rep,Republican,TX,2025-01-03,2027-01-03,@RepNateMoran,,RepNateMoran,,RepNateMoran,,RepNateMoran,
Mónica,De La Cruz,D000594,rep,Republican,TX,2025-01-03,2027-01-03,@RepMonicaDLC,,RepMonicaDLC,,RepMonicaDLC,,RepMonicaDLC,
Jennifer,Kiggans,K000399,rep,Republican,VA,2025-01-03,2027-01-03,@repjenkiggans,,RepJenKiggans,,repjenkiggans,,repjenkiggans,
Harriet,Hageman,H001096,rep,Republican,WY,2025-01-03,2027-01-03,@rephageman,,RepHageman,,,,,
Celeste,Maloy,M001228,rep,Republican,UT,2025-01-03,2027-01-03,@RepCelesteMaloy,,RepMaloyUtah,,RepCelesteMaloy,,61555755717517,
Timothy,Kennedy,K000402,rep,Democrat,NY,2025-01-03,2027-01-03,@reptimkennedy,,reptimkennedy,,reptimkennedy,,reptimkennedy,
Jeff,Hurd,H001100,rep,Republican,CO,2025-01-03,2027-01-03,@RepJeffHurd03,,RepJeffHurd,,repjeffhurd,,61571570223582,
Lance,Gooden,G000589,rep,Republican,TX,2025-01-03,2027-01-03,UCaEs0pYlL_1cLlPBHfl0RIg,,,,,,,
